Title,Link,Unique_ID
"Looking for budget refurbished, either $250ish range or $450ish",https://www.reddit.com/r/SuggestALaptop/comments/1qpevnz/looking_for_budget_refurbished_either_250ish/,8c52430a8b95
NEED a specific laptop,https://www.reddit.com/r/SuggestALaptop/comments/1qpdlx0/need_a_specific_laptop/,d3afe1e2dc1c
Laptop suggestion,https://www.reddit.com/r/SuggestALaptop/comments/1qpbvrq/laptop_suggestion/,af954c648821
I need to know the absolute best Laptop for the future,https://www.reddit.com/r/SuggestALaptop/comments/1qoui96/i_need_to_know_the_absolute_best_laptop_for_the/,a6a26310ec2e
Need A Hobbiest Laptop Recommendation Please?,https://www.reddit.com/r/SuggestALaptop/comments/1qoyapy/need_a_hobbiest_laptop_recommendation_please/,dde91e024523
Basic laptop (U.S.),https://www.reddit.com/r/SuggestALaptop/comments/1qot4eu/basic_laptop_us/,92099f3ea0fc
Laptop under $750 USD,https://www.reddit.com/r/SuggestALaptop/comments/1qoryfj/laptop_under_750_usd/,4ae901fa1270
Need a Laptop,https://www.reddit.com/r/SuggestALaptop/comments/1qokezy/need_a_laptop/,c654742fbb96
"Looking for a casual use laptop, that can handle a little bit of Adobe, and can survive a clumsy owner",https://www.reddit.com/r/SuggestALaptop/comments/1qoon8n/looking_for_a_casual_use_laptop_that_can_handle_a/,57bbe789a818
Help finding a laptop to finish my PhD on,https://www.reddit.com/r/SuggestALaptop/comments/1qohpbz/help_finding_a_laptop_to_finish_my_phd_on/,2850705058a1
Photo and video editing US budget ~ $1500,https://www.reddit.com/r/SuggestALaptop/comments/1qon5qe/photo_and_video_editing_us_budget_1500/,06c5554ece42
"7 yr old matebook died and i'm overwhelmed ($1400, US)",https://www.reddit.com/r/SuggestALaptop/comments/1qol565/7_yr_old_matebook_died_and_im_overwhelmed_1400_us/,f7c607a7052b
looking for a laptop recommendation,https://www.reddit.com/r/SuggestALaptop/comments/1qoarkp/looking_for_a_laptop_recommendation/,dcb8952164c0
"[eBay] Cert. Refurbished Acer Predator Helios Neo 16S AI Gaming Laptop: 16"" (2560 x 1600) OLED 240Hz Display, Intel Core Ultra 9 Series 2, NVIDIA GeForce RTX 5070Ti, 32GB RAM, 1TB SSD. Now: $1,315.94 After 31% Off #ad",https://www.reddit.com/r/LaptopDeals/comments/1qp6fpm/ebay_cert_refurbished_acer_predator_helios_neo/,e96728952020
"[eBay] Lenovo IdeaPad 5 2-in-1 Laptop: 14"" (1920 x 1200) Touch Display, AMD Ryzen AI 5 340, Integrated AMD Radeon 840M Graphics, 16GB DDR5 RAM, 1TB SSD, Windows 11 Home, Now: $494 After 38% Off #ad",https://www.reddit.com/r/LaptopDeals/comments/1qp8ivh/ebay_lenovo_ideapad_5_2in1_laptop_14_1920_x_1200/,0bf8cd9055ce
"[eBay] Certified Refurbished Acer Swift Go Laptop: 14"" (1920x1200) Touchscreen Display, Intel Core Ultra 7 155H, ARC Graphics, 16GB RAM, 1TB SSD, Now: $501.26 After 50% Off #ad",https://www.reddit.com/r/LaptopDeals/comments/1qp6apx/ebay_certified_refurbished_acer_swift_go_laptop/,35b123587ed8
"[eBay] Lenovo LOQ Gaming Laptop: 15.6"" IPS LCD FHD 144Hz Display, 16GB RAM 512GB SSD, AMD Ryzen 7 250, NVIDIA GeForce RTX 5060, Luna Grey. Now: $869.99 After 24% Off #ad",https://www.reddit.com/r/LaptopDeals/comments/1qoifp2/ebay_lenovo_loq_gaming_laptop_156_ips_lcd_fhd/,e28b89d747b4
"[Walmart] ASUS VivoBook Laptop: 15.6â€ FHD IPS Display, Intel Core 5 120U, IntelÂ® Graphics, 16GB RAM, 512GB SSD. Now: $399 After $100 Off",https://www.reddit.com/r/LaptopDeals/comments/1qoif13/walmart_asus_vivobook_laptop_156_fhd_ips_display/,2a59555fa2bd
"[Walmart] ASUS Vivobook S 14 Laptop: 14"" WUXGA FHD+ OLED 600nits Display, Intel Ultra 7 258V, IntelÂ® Arcâ„¢ Graphics, 32GB RAM, 1TB SSD, 16hr Battery Life. For Only: $899 After $300 Off",https://www.reddit.com/r/LaptopDeals/comments/1qnyuud/walmart_asus_vivobook_s_14_laptop_14_wuxga_fhd/,3d034c63856c
"[BestBuy] Lenovo Legion Pro 7i Gaming Laptop (Open-Box): 16â€³ 2.5K 240Hz OLED Display, Intel Ultra 9 275HX, NVIDIA GeForce RTX 5080, 32GB DDR5 RAM, 1TB SSD. Now: $1,915.99 After 26% Off",https://www.reddit.com/r/LaptopDeals/comments/1qnii9l/bestbuy_lenovo_legion_pro_7i_gaming_laptop/,bcea78277516
"[eBay] ASUS TUF F16 Gaming Laptop (2025): 16"" (1920 x 1200) 165Hz Display, Intel Core i7-14650HX, NVIDIA RTX 5060, 32GB DDR5 RAM, 1TB SSD. Now: $1,299.99 After 16% Off #ad",https://www.reddit.com/r/LaptopDeals/comments/1qnhosr/ebay_asus_tuf_f16_gaming_laptop_2025_16_1920_x/,d9a50d33664a
"[eBay] ASUS Vivobook 16 Laptop - 16"" (1920 x 1200) WUXGA FHD+ IPS 300 nits Display, Copilot+ PC, AMD Ryzen AI 5 330, AMD Radeon Graphics, 16GB RAM, 512GB SSD, Quiet Blue. Now: $549.99 After 27% Off #ad",https://www.reddit.com/r/LaptopDeals/comments/1qnhr2c/ebay_asus_vivobook_16_laptop_16_1920_x_1200_wuxga/,9f93cf7163d6
"[eBay] Samsung Galaxy Book4 Laptop: 15.6"" FHD (1920 x 1080) 16:9, 60Hz, 300-nits, Anti-glare, IPS Display, Intel Core i7 150U, Integrated Intel Iris Xe Graphics G7, 16GB RAM, 512GB SSD. Now: $599.99 After 33% Off + Free Shipping #ad",https://www.reddit.com/r/LaptopDeals/comments/1qnhpol/ebay_samsung_galaxy_book4_laptop_156_fhd_1920_x/,ccd793fbf230
"[Walmart] HP OmniBook 5 AI PC Laptop: 16"" (1920 x 1200) 2K Touch Display, Intel Core Ultra 7 255U, Intel Graphics, 16GB RAM, 1TB SSD, Glacier Silver, Now: $599 After $390 Off",https://www.reddit.com/r/LaptopDeals/comments/1qn5129/walmart_hp_omnibook_5_ai_pc_laptop_16_1920_x_1200/,cf0095180ebb
"[Walmart] ASUS Vivobook Laptop: 16"" WUXGA (1920 x 1200) Display, Intel Core i7-1355U, Integrated Intel Iris Xe Graphics, 16GB RAM, 512GB SSD Black. Now: $489.99 After $160 Off",https://www.reddit.com/r/LaptopDeals/comments/1qmkm7z/walmart_asus_vivobook_laptop_16_wuxga_1920_x_1200/,c68d8f1fcf1d
"[eBay] HP OmniBook X AI 14-fe0013dx Laptop (Cert. Refurbished): 14"", 2.2K (2240 x 1400) 16:10, 300-nits, Multitouch IPS Display, Snapdragon X1E-78-100 Processor, Qualcomm Adreno Graphics, 16GB RAM, 1TB SSD. Now: $539 After 43% Off #ad",https://www.reddit.com/r/LaptopDeals/comments/1qml1cy/ebay_hp_omnibook_x_ai_14fe0013dx_laptop_cert/,71c765d059ec
"[Amazon] Samsung 15.6â€ Galaxy Book5 360 Copilot AI Laptop PC Computer, FHD AMOLED Touchscreen Display, 16GB RAM / 512GB SSD, Dolby Atmos Quad Speakers, All-Day Battery Life, NP750QHA-KA1US. Now: $938.77 After 30% Off",https://www.reddit.com/r/LaptopDeals/comments/1qmkhlz/amazon_samsung_156_galaxy_book5_360_copilot_ai/,422741a9ea38
LAPTOP BRAND SUGGESTIONS,https://www.reddit.com/r/laptops/comments/1qpd52o/laptop_brand_suggestions/,790a6f251854
Laptop Recommendations For My University,https://www.reddit.com/r/laptops/comments/1qp849f/laptop_recommendations_for_my_university/,8230500ff626
Planning to repaste my 4 y/o laptop,https://www.reddit.com/r/laptops/comments/1qpc0va/planning_to_repaste_my_4_yo_laptop/,4f2490f92d5b
Laptop suggestions,https://www.reddit.com/r/laptops/comments/1qpg7qw/laptop_suggestions/,7b4c2f49f90e
Modern laptops w/ built-in dvd/cd drives.,https://www.reddit.com/r/laptops/comments/1qp1o4v/modern_laptops_w_builtin_dvdcd_drives/,7668100e2fbb
New work laptop suggestions,https://www.reddit.com/r/laptops/comments/1qpf3zf/new_work_laptop_suggestions/,a5661c9d9ea9
Looking for a pc for around 500-600 dollars,https://www.reddit.com/r/buildapcforme/comments/1qpfbaj/looking_for_a_pc_for_around_500600_dollars/,8692a951410e
500$ Budget upgrade of 10 year old computer,https://www.reddit.com/r/buildapcforme/comments/1qp0qn4/500_budget_upgrade_of_10_year_old_computer/,25d80dc5f787
400gb of Family Archive is Missing after putting it on a laptop,https://www.reddit.com/r/techsupport/comments/1qpbr39/400gb_of_family_archive_is_missing_after_putting/,22d7f6046e48
Asus laptop battery not holding charge,https://www.reddit.com/r/techsupport/comments/1qpgokm/asus_laptop_battery_not_holding_charge/,e1ae0c93555d
Laptop constantly freezing during restart,https://www.reddit.com/r/techsupport/comments/1qpfz15/laptop_constantly_freezing_during_restart/,2bacb28bd81d
Need help to find a 300-500$ CAD laptop for school,https://www.reddit.com/r/SuggestALaptop/comments/1qphbjq/need_help_to_find_a_300500_cad_laptop_for_school/,41c10f07eea9
"Laptop suggestions for son, please",https://www.reddit.com/r/laptops/comments/1qphtqh/laptop_suggestions_for_son_please/,23a9a43897de
Cheapest (under $100) laptop that can do light web browsing and typing,https://www.reddit.com/r/laptops/comments/1qphp4v/cheapest_under_100_laptop_that_can_do_light_web/,f3229423961a
Tomorrow I am going to buy a new laptop.,https://www.reddit.com/r/laptops/comments/1qphkoh/tomorrow_i_am_going_to_buy_a_new_laptop/,84a900dd468e
Laptop Recommendation between $1200-2000 CAD,https://www.reddit.com/r/SuggestALaptop/comments/1qpj5tm/laptop_recommendation_between_12002000_cad/,45d86caa1eda
$800 USA - Partner choose a laptop,https://www.reddit.com/r/SuggestALaptop/comments/1qpieqs/800_usa_partner_choose_a_laptop/,afa49069fa96
Need Buying Advice for my requirements. Thank you,https://www.reddit.com/r/laptops/comments/1qpiqu2/need_buying_advice_for_my_requirements_thank_you/,ff815dca3b5b
Laptop won't turn on,https://www.reddit.com/r/techsupport/comments/1qpjii9/laptop_wont_turn_on/,af95529d47fc
Need help choosing budget laptop,https://www.reddit.com/r/laptops/comments/1qpkwb3/need_help_choosing_budget_laptop/,ed08e82c2acf
"Need help choosing which one to buy, Lenovo or HP both have the same price tag",https://www.reddit.com/r/laptops/comments/1qpkv1m/need_help_choosing_which_one_to_buy_lenovo_or_hp/,52015f22dd06
Cheap Chinese Laptops - Are They Worth It? Review of 3,https://www.reddit.com/r/laptops/comments/1qplen4/cheap_chinese_laptops_are_they_worth_it_review_of/,0044ef826343
Looking to Upgrade from my Laptop,https://www.reddit.com/r/buildapcforme/comments/1qpkbfv/looking_to_upgrade_from_my_laptop/,7b00c881feea
Need A Used Or Refurbished PC For Cheap That Has Copilot AI+ And Is Most Compatible With Linux Distros,https://www.reddit.com/r/SuggestALaptop/comments/1qpmp47/need_a_used_or_refurbished_pc_for_cheap_that_has/,ddefdd094801
Laptop stops charging at seemingly random times.,https://www.reddit.com/r/laptops/comments/1qpm4ay/laptop_stops_charging_at_seemingly_random_times/,6c4dde6613c8
"Looking for a good Windows laptop thats FAST, and has a great screen resolution so I donâ€™t strain my eyes",https://www.reddit.com/r/laptops/comments/1qplrpf/looking_for_a_good_windows_laptop_thats_fast_and/,33e38f9234fd
"Laptop suggestions, after 14 years, $1000 max budget, NA/US",https://www.reddit.com/r/SuggestALaptop/comments/1qpnvlz/laptop_suggestions_after_14_years_1000_max_budget/,5983cb2030d6
"[eBay] Refurb: Apple MacBook Pro: 14"" (3024 x 1964) LED Liquid Retina XDR display , M3 Pro, 18 GB RAM, 512GB SSD with 47% off, for $1,050.29 #ad",https://www.reddit.com/r/LaptopDeals/comments/1qpop0p/ebay_refurb_apple_macbook_pro_14_3024_x_1964_led/,cc801e68d80d
Suggest a $200-500 USD laptop for Writing + Web-browsing *ONLY*?,https://www.reddit.com/r/SuggestALaptop/comments/1qpr4nr/suggest_a_200500_usd_laptop_for_writing/,09d6366c863d
Need a laptop (~$1000-1500) for work/school (grad student in stem field) and personal use,https://www.reddit.com/r/SuggestALaptop/comments/1qpvuip/need_a_laptop_10001500_for_workschool_grad/,e3a93aabb41b
Minor Gaming/Homework laptop under 1000?,https://www.reddit.com/r/SuggestALaptop/comments/1qptt66/minor_gaminghomework_laptop_under_1000/,951c7ae51c91
Laptop for College,https://www.reddit.com/r/SuggestALaptop/comments/1qpt23j/laptop_for_college/,da1e58c4ef24
Laptop recommendation in 2026,https://www.reddit.com/r/laptops/comments/1qpvmaw/laptop_recommendation_in_2026/,cbdd70f749a4
I need help looking for a portable power bank charger with an AC outlet,https://www.reddit.com/r/laptops/comments/1qpuyiq/i_need_help_looking_for_a_portable_power_bank/,aa326d5830f4
Put Linux on School Laptop,https://www.reddit.com/r/laptops/comments/1qptxft/put_linux_on_school_laptop/,15dbc5f70973
Need help for laptop recommendations,https://www.reddit.com/r/laptops/comments/1qpsbq4/need_help_for_laptop_recommendations/,0b69da16eac6
Need help with battery backup,https://www.reddit.com/r/laptops/comments/1qpy802/need_help_with_battery_backup/,46e2b0aacdf2
[Buying Advice] No Warranty (Paraguay Import),https://www.reddit.com/r/laptops/comments/1qpx5i3/buying_advice_no_warranty_paraguay_import/,db9bf2f19f90
Recommendations for Windows Laptop - Business/Casual Use,https://www.reddit.com/r/laptops/comments/1qpwkkb/recommendations_for_windows_laptop_businesscasual/,28c4d94f4118
Suggest a laptop,https://www.reddit.com/r/laptops/comments/1qpwjqp/suggest_a_laptop/,2665ae02af88
Need advice on conclude one laptop,https://www.reddit.com/r/laptops/comments/1qpwcoe/need_advice_on_conclude_one_laptop/,520429d248f3
"A few keys and the touchpad just stopped working (ctrl+fn and a few others) on my Mother's IdeaPad S340-14IIL. Plugged in an external keyboard by usb-c to usb-c and I connected via Bluetooth also. Neither way worked, same keys not working.",https://www.reddit.com/r/techsupport/comments/1qpw6h5/a_few_keys_and_the_touchpad_just_stopped_working/,715da181d35b
What Windows Laptop to get?,https://www.reddit.com/r/SuggestALaptop/comments/1qpzl70/what_windows_laptop_to_get/,eae15ad4b1db
Need help with buying a laptop for my mother.,https://www.reddit.com/r/laptops/comments/1qq001u/need_help_with_buying_a_laptop_for_my_mother/,0dded10a24ac
Laptop trackpad cracked,https://www.reddit.com/r/laptops/comments/1qq0esi/laptop_trackpad_cracked/,beed5b33b6df
Just got an old laptop any good suggestions on what to do?,https://www.reddit.com/r/laptops/comments/1qq1h4l/just_got_an_old_laptop_any_good_suggestions_on/,a832e9eb7a49
New laptop battery issue,https://www.reddit.com/r/techsupport/comments/1qq0ar8/new_laptop_battery_issue/,5b9b085fda98
Laptop breaks and then fixes itself without me doing anything.,https://www.reddit.com/r/techsupport/comments/1qq1yvt/laptop_breaks_and_then_fixes_itself_without_me/,ebf857c63695
"[eBay] Cert. Refurbished Acer Predator Helios Neo 16S AI Gaming Laptop: 16"" (2560 x 1600) OLED 240Hz Display, Intel Core Ultra 9 Series 2, NVIDIA GeForce RTX 5070Ti, 32GB RAM, 1TB SSD with 31% off, for $1,315.94 #ad",https://www.reddit.com/r/LaptopDeals/comments/1qq2tgt/ebay_cert_refurbished_acer_predator_helios_neo/,c93b42dbe024
what do you think about this laptop that is suspiciously cheap and is there anything better value for price around the same price range?,https://www.reddit.com/r/laptops/comments/1qq32eb/what_do_you_think_about_this_laptop_that_is/,f789c44194be
"Bought 3 refurbished HDDs, 2 are having formatting issues with bad sectors",https://www.reddit.com/r/techsupport/comments/1qq38o8/bought_3_refurbished_hdds_2_are_having_formatting/,1c846cbc4631
Should I upgrade my Windows to a Macbook for University?,https://www.reddit.com/r/laptops/comments/1qq3z5a/should_i_upgrade_my_windows_to_a_macbook_for/,e0a9c64d334d
"UK-based, looking for budget laptop for work.",https://www.reddit.com/r/SuggestALaptop/comments/1qq4slu/ukbased_looking_for_budget_laptop_for_work/,d645c57315c5
I want laptop for GIS,https://www.reddit.com/r/SuggestALaptop/comments/1qq4gt0/i_want_laptop_for_gis/,88e18c887d94
Cheap gaming laptop recommendations?,https://www.reddit.com/r/laptops/comments/1qq4w08/cheap_gaming_laptop_recommendations/,9f45d310a05c
I need some advice on my 7 year old laptop,https://www.reddit.com/r/laptops/comments/1qq4vh4/i_need_some_advice_on_my_7_year_old_laptop/,ae17dead5a6a
I need to charge my laptopp,https://www.reddit.com/r/laptops/comments/1qq4o8t/i_need_to_charge_my_laptopp/,f02e5cc6dde1
Laptop Recommendations,https://www.reddit.com/r/laptops/comments/1qq4ggl/laptop_recommendations/,42c986568c9c
Laptop needs fixing but I need to save up,https://www.reddit.com/r/techsupport/comments/1qq604k/laptop_needs_fixing_but_i_need_to_save_up/,f76d6ae06eb9
"[Amazon] Dell DC16251 Laptop - 16"" (1920x1200) FHD+ Display, Intel Core 7 150U, 16GB DDR5 RAM, 1TB SSD, Intel Integrated Graphics, Windows 11 Home, Onsite Service - Platinum Silver, Now: $684 After 20% Off",https://www.reddit.com/r/LaptopDeals/comments/1qq6etw/amazon_dell_dc16251_laptop_16_1920x1200_fhd/,782997f076e8
Laptop recommendations,https://www.reddit.com/r/laptops/comments/1qq7fpp/laptop_recommendations/,9af0f7573bdb
My SSD died with less than 2 years of use,https://www.reddit.com/r/techsupport/comments/1qq73i1/my_ssd_died_with_less_than_2_years_of_use/,134578615cee
Any Best budget laptop for college?,https://www.reddit.com/r/laptops/comments/1qqabvx/any_best_budget_laptop_for_college/,f79525cf84e0
Best Laptop for RV full time living & work,https://www.reddit.com/r/laptops/comments/1qqa43w/best_laptop_for_rv_full_time_living_work/,4f9d18ecc5f1
Everyday laptop that is good quality but also not expensive af,https://www.reddit.com/r/SuggestALaptop/comments/1qqbnwq/everyday_laptop_that_is_good_quality_but_also_not/,52a6e88d1658
Laptop to watch movies and connect to TV (EU),https://www.reddit.com/r/SuggestALaptop/comments/1qqbeuh/laptop_to_watch_movies_and_connect_to_tv_eu/,68f753fb159b
Laptop for Engineering student,https://www.reddit.com/r/SuggestALaptop/comments/1qqbbid/laptop_for_engineering_student/,553148c56507
What laptop do i need,https://www.reddit.com/r/SuggestALaptop/comments/1qqakgx/what_laptop_do_i_need/,e3acdca95fee
Laptop Purchase Factors 2026 India,https://www.reddit.com/r/laptops/comments/1qqbidy/laptop_purchase_factors_2026_india/,ff0f58b38dd8
Laptop (Sometimes) doesn't give any life at all,https://www.reddit.com/r/laptops/comments/1qqbgtx/laptop_sometimes_doesnt_give_any_life_at_all/,24fb3e6c53d0
Outer of laptop ruined by stickers?,https://www.reddit.com/r/laptops/comments/1qqauof/outer_of_laptop_ruined_by_stickers/,bbe5ddb410a6
Laptop charging issue,https://www.reddit.com/r/laptops/comments/1qqads0/laptop_charging_issue/,57fa25429e70
Living Room PC UK - Â£1000 budget,https://www.reddit.com/r/buildapcforme/comments/1qqajhb/living_room_pc_uk_1000_budget/,219e3a9ed678
Laptop for Lightroom and Photoshop,https://www.reddit.com/r/SuggestALaptop/comments/1qqdb9b/laptop_for_lightroom_and_photoshop/,803be8017a50
"[eBay] Cert. Refurbished Acer Predator Helios Neo 14 Gaming Laptop: 14.5"" QHD+ IPS 120Hz Display, Intel Ultra 7 155H, RTX 4070, 16GB RAM, 1TB SSD, Now: $824.90 After 51% Off #ad",https://www.reddit.com/r/LaptopDeals/comments/1qqd30y/ebay_cert_refurbished_acer_predator_helios_neo_14/,084d5c2b1fa6
Can a 90 w universal charger be a replacement for a 120w?,https://www.reddit.com/r/laptops/comments/1qqdvpf/can_a_90_w_universal_charger_be_a_replacement_for/,556f068af838
"Laptop Experts I need a $1,000 laptop for DaVinci Resolve + ComfyUI (Stable Diffusion) + n8n what should I buy?",https://www.reddit.com/r/laptops/comments/1qqcowl/laptop_experts_i_need_a_1000_laptop_for_davinci/,b715b8b275ea
Weird Cracks on Laptop,https://www.reddit.com/r/laptops/comments/1qqc74g/weird_cracks_on_laptop/,beca4a028f4c
Windows 11 laptop infected with an overlay telling them to purchase Office and fill in credit card,https://www.reddit.com/r/techsupport/comments/1qqdka9/windows_11_laptop_infected_with_an_overlay/,f0702714e1a1
Under $1000 in Canada,https://www.reddit.com/r/SuggestALaptop/comments/1qqew1e/under_1000_in_canada/,0c8e3c45f46a
Acer Nitro or HP Victus? I want a laptop that will actually last.,https://www.reddit.com/r/laptops/comments/1qqfc01/acer_nitro_or_hp_victus_i_want_a_laptop_that_will/,4450e81c7f8c
Is this website safe to buy refurbished laptops?,https://www.reddit.com/r/laptops/comments/1qqeauo/is_this_website_safe_to_buy_refurbished_laptops/,67a9e8fd8dc4
Looking for a Cheap Laptop with a Real FHD IPS-Level Screen? ðŸ’»,https://www.reddit.com/r/SuggestALaptop/comments/1qqg8gq/looking_for_a_cheap_laptop_with_a_real_fhd/,971c73294dd5
"Work + Light Gaming Laptop // $1,500 - $2,000 CAD",https://www.reddit.com/r/SuggestALaptop/comments/1qqhej5/work_light_gaming_laptop_1500_2000_cad/,8276e38ad98f
Laptop suggestion for Canada,https://www.reddit.com/r/SuggestALaptop/comments/1qqgbbe/laptop_suggestion_for_canada/,0798b8940a4b
"Looking for a gaming laptop(2000-3500 Euro,Bulgaria)",https://www.reddit.com/r/SuggestALaptop/comments/1qqg7t2/looking_for_a_gaming_laptop20003500_eurobulgaria/,364faa2e9d79
I miss my old school laptop,https://www.reddit.com/r/laptops/comments/1qqgms1/i_miss_my_old_school_laptop/,7aca2ef79ab0
Simple work laptop?,https://www.reddit.com/r/laptops/comments/1qqh12e/simple_work_laptop/,4fa90a339042
New Work Laptop Needed,https://www.reddit.com/r/laptops/comments/1qqgsw2/new_work_laptop_needed/,360d2f964772
ISO Laptop recs - USA. Budget: $600 USD,https://www.reddit.com/r/laptops/comments/1qqfkar/iso_laptop_recs_usa_budget_600_usd/,c07c1a60d5bc
Help me buy macbook...,https://www.reddit.com/r/laptops/comments/1qqfit2/help_me_buy_macbook/,8d1928892039
"my chromebook just flatlined, help me find a new laptop",https://www.reddit.com/r/SuggestALaptop/comments/1qqinvm/my_chromebook_just_flatlined_help_me_find_a_new/,3770d2b66cff
$600-800 Laptops USA,https://www.reddit.com/r/SuggestALaptop/comments/1qqimi5/600800_laptops_usa/,fb1f49760069
$600-800 Laptops USA,https://www.reddit.com/r/laptops/comments/1qqimsx/600800_laptops_usa/,49ca58b577bb
question about factory reset,https://www.reddit.com/r/techsupport/comments/1qqje7y/question_about_factory_reset/,1edd7cc1efd7
Laptop recommended under 1k,https://www.reddit.com/r/SuggestALaptop/comments/1qqljgx/laptop_recommended_under_1k/,55975a030a88
"Laptop recommendations under $1,000 for graphic design",https://www.reddit.com/r/SuggestALaptop/comments/1qqkkhd/laptop_recommendations_under_1000_for_graphic/,8dbba62901c6
Laptop recommendations,https://www.reddit.com/r/laptops/comments/1qqle7h/laptop_recommendations/,ab98acfa8f65
Legit places to buy batteries(U.K),https://www.reddit.com/r/laptops/comments/1qqkzfk/legit_places_to_buy_batteriesuk/,35f28423a2bd
Reliable laptops,https://www.reddit.com/r/laptops/comments/1qqkva9/reliable_laptops/,bd6e1ca32f07
laptop reccomendations,https://www.reddit.com/r/laptops/comments/1qqnatf/laptop_reccomendations/,23a49954edb4
Thinkpad Recommendation For Design Student On Budget,https://www.reddit.com/r/laptops/comments/1qqmjy4/thinkpad_recommendation_for_design_student_on/,4db2c0878b01
My laptop has a broken screen and the HDMI wonâ€™t work,https://www.reddit.com/r/laptops/comments/1qqo7zq/my_laptop_has_a_broken_screen_and_the_hdmi_wont/,d6a8871250c9
Need help with buying low emf workstation laptop,https://www.reddit.com/r/laptops/comments/1qqng8z/need_help_with_buying_low_emf_workstation_laptop/,4b04db78ec0a
Looking for advice - â‚¬1000 budget,https://www.reddit.com/r/SuggestALaptop/comments/1qqrtdw/looking_for_advice_1000_budget/,bbeb696d1b79
"Laptop for business/consulting use â€“ moderate Excel and macro usage - ~$1,000 or so. Dell 14 Pro my best bet?",https://www.reddit.com/r/SuggestALaptop/comments/1qqr9n8/laptop_for_businessconsulting_use_moderate_excel/,c16152a9f498
What is the best laptop for a medical professional?,https://www.reddit.com/r/laptops/comments/1qqro5w/what_is_the_best_laptop_for_a_medical_professional/,42a2631e6dec
Recommendations Balkans (no strict budget),https://www.reddit.com/r/laptops/comments/1qqqtia/recommendations_balkans_no_strict_budget/,83b4bec3bc04
Help a newbie buy his first laptop,https://www.reddit.com/r/laptops/comments/1qqqp3v/help_a_newbie_buy_his_first_laptop/,7c09b929f829
Help a newbie buy his first laptop,https://www.reddit.com/r/laptops/comments/1qqqor8/help_a_newbie_buy_his_first_laptop/,8b03c1d5572d
"Looking for a laptop, NZ",https://www.reddit.com/r/SuggestALaptop/comments/1qqv86o/looking_for_a_laptop_nz/,139b722cd253
Seeking: Cheap Ass Gaming Laptop.,https://www.reddit.com/r/SuggestALaptop/comments/1qqujsk/seeking_cheap_ass_gaming_laptop/,889f61918ceb
Am I better off getting a Chuwi Minibook or a refurbished business laptop?,https://www.reddit.com/r/SuggestALaptop/comments/1qqtpo4/am_i_better_off_getting_a_chuwi_minibook_or_a/,d190f677237f
Looking for a Laptop for gaming and coding 2000-2500 PEN,https://www.reddit.com/r/SuggestALaptop/comments/1qqtbuh/looking_for_a_laptop_for_gaming_and_coding/,7b7aea04ad62
Need help with laptop search (UK) Budget: Â£500 to Â£800,https://www.reddit.com/r/SuggestALaptop/comments/1qqt0w4/need_help_with_laptop_search_uk_budget_500_to_800/,32bb1ffade97
Looking for Desktop &Laptop RAM,https://www.reddit.com/r/laptops/comments/1qqumpe/looking_for_desktop_laptop_ram/,d203e4e47a84
Can I have a laptop?,https://www.reddit.com/r/laptops/comments/1qqtyor/can_i_have_a_laptop/,4d2a20cf4eba
"Is the ""Ultra-Portable"" laptop officially dead?",https://www.reddit.com/r/laptops/comments/1qqtw9d/is_the_ultraportable_laptop_officially_dead/,99a5230120df
Fixing a scratched trackpad,https://www.reddit.com/r/laptops/comments/1qqtsyr/fixing_a_scratched_trackpad/,c1c54c3f126b
Cheapest possible upgradeable PC,https://www.reddit.com/r/buildapcforme/comments/1qqvphy/cheapest_possible_upgradeable_pc/,ca897d20f993
I think my laptop is malfunctioning,https://www.reddit.com/r/techsupport/comments/1qqujlq/i_think_my_laptop_is_malfunctioning/,113254f93e3a
Laptop stuck in reset loop,https://www.reddit.com/r/techsupport/comments/1qqx5e1/laptop_stuck_in_reset_loop/,9180eb0c67ce
Spilled water on my laptop but is working - what are my next steps?,https://www.reddit.com/r/laptops/comments/1qqy8dp/spilled_water_on_my_laptop_but_is_working_what/,171beecba48d
Australia- looking for 2 in 1 lightweight basic use laptop with occasional Sims 4 gaming - $1000-1400 budget,https://www.reddit.com/r/SuggestALaptop/comments/1qqyfyp/australia_looking_for_2_in_1_lightweight_basic/,375f0605361d
corrupted word pad document - tons of work lost :(,https://www.reddit.com/r/techsupport/comments/1qqyshe/corrupted_word_pad_document_tons_of_work_lost/,58e6a4fb69b5
My HP laptop retainer key broke. How do I fix?,https://www.reddit.com/r/laptops/comments/1qqzpc6/my_hp_laptop_retainer_key_broke_how_do_i_fix/,4ab1cb00cc06
My HP laptop retainer key broke. How do I fix?,https://www.reddit.com/r/techsupport/comments/1qqzojr/my_hp_laptop_retainer_key_broke_how_do_i_fix/,3f43af49b85d
Looking for a laptop under â‚¹60k for office work (for my sister),https://www.reddit.com/r/laptops/comments/1qr0ctk/looking_for_a_laptop_under_60k_for_office_work/,bd40a1aefd7d
What can you do for me? $1200 USD.,https://www.reddit.com/r/buildapcforme/comments/1qr17vy/what_can_you_do_for_me_1200_usd/,4102922a8807
My laptop won't charge,https://www.reddit.com/r/techsupport/comments/1qr1ye4/my_laptop_wont_charge/,df2231d2a1e0
Company laptop,https://www.reddit.com/r/laptops/comments/1qr2xmh/company_laptop/,3c1a2431573c
Need immediate laptop support,https://www.reddit.com/r/laptops/comments/1qr24c6/need_immediate_laptop_support/,ee309e1f9b47
Laptop for 1000 euros in netherlands,https://www.reddit.com/r/laptops/comments/1qr4u18/laptop_for_1000_euros_in_netherlands/,3b8a2d5aa9d3
Suggest me a student laptop,https://www.reddit.com/r/SuggestALaptop/comments/1qr74it/suggest_me_a_student_laptop/,0adef5b2d377
Does it make sense to buy a touchscreen laptop for daily use?,https://www.reddit.com/r/SuggestALaptop/comments/1qr6j7f/does_it_make_sense_to_buy_a_touchscreen_laptop/,7351369c51d2
"[Amazon] Apple 2024 MacBook Air 15-inch Laptop with M3 chip: Built for Apple Intelligence, 15.3-inch Liquid Retina Display, 24GB Unified Memory, 512GB SSD Storage, Backlit Keyboard, Touch ID; Starlight. Now: $1,099 After 35% Off",https://www.reddit.com/r/LaptopDeals/comments/1qr6jdw/amazon_apple_2024_macbook_air_15inch_laptop_with/,710023925a97
"[Amazon] Apple MacBook Air Laptop (2025): 13"" (2560 x 1664) IPS Liquid Retina Display, M4 Chip 10-core CPU, 8-core GPU, 16GB RAM, 256GB SSD, Touch ID. Now: $849.99 After 15% Off",https://www.reddit.com/r/LaptopDeals/comments/1qr6ifn/amazon_apple_macbook_air_laptop_2025_13_2560_x/,f8f0a80ee5c0
"[Walmart] Lenovo IdeaPad 5i 2-in-1 Laptop: 14"" WUXGA Touch Display, Intel Core Ultra 5 Processor 225U, Intel Graphics, 8GB RAM, 512 SSD, Luna Grey, Windows 11, Now: $399 After $500.99 Off",https://www.reddit.com/r/LaptopDeals/comments/1qr6gc3/walmart_lenovo_ideapad_5i_2in1_laptop_14_wuxga/,f630100ed4d9
Laptop for video editing/music production,https://www.reddit.com/r/laptops/comments/1qr7471/laptop_for_video_editingmusic_production/,eb027c79beaa
General use laptop brand recommendations,https://www.reddit.com/r/laptops/comments/1qr521i/general_use_laptop_brand_recommendations/,8fce4f70fafb
How much should I be looking to spend?,https://www.reddit.com/r/buildapcforme/comments/1qr5lgs/how_much_should_i_be_looking_to_spend/,3fd4e59f8b51
Is my Hard Drive recoverable at all with home tools?,https://www.reddit.com/r/techsupport/comments/1qr5gln/is_my_hard_drive_recoverable_at_all_with_home/,99409bcc4e86
Screen of new laptop freezes and goes black,https://www.reddit.com/r/techsupport/comments/1qr5853/screen_of_new_laptop_freezes_and_goes_black/,60197aa42790
Suggest my girlfriend a laptop(Denmark),https://www.reddit.com/r/SuggestALaptop/comments/1qr8ic8/suggest_my_girlfriend_a_laptopdenmark/,5891f684587e
Faulty laptop,https://www.reddit.com/r/laptops/comments/1qr803z/faulty_laptop/,b57a86c40a2e
I am looking to buy a high-performance laptop for professional use. I am a Computer Science student and a Designer.,https://www.reddit.com/r/SuggestALaptop/comments/1qra1n0/i_am_looking_to_buy_a_highperformance_laptop_for/,55197681b74a
Suggest a laptop under 65k,https://www.reddit.com/r/laptops/comments/1qr9wyo/suggest_a_laptop_under_65k/,a47f32404d55
Looking for a good general work laptop,https://www.reddit.com/r/laptops/comments/1qr94y0/looking_for_a_good_general_work_laptop/,545f9680f3c1
Laptop not turning on.,https://www.reddit.com/r/techsupport/comments/1qra2ef/laptop_not_turning_on/,d01b6d80c155
Steps before sending my laptop to repair?,https://www.reddit.com/r/techsupport/comments/1qrajj2/steps_before_sending_my_laptop_to_repair/,ae3ebe4bb627
Need a touchscreen laptop,https://www.reddit.com/r/SuggestALaptop/comments/1qrb5wt/need_a_touchscreen_laptop/,c0e4c98699fe
Is this a good deal?,https://www.reddit.com/r/laptops/comments/1qrbai6/is_this_a_good_deal/,80b4a84540b3
Looking for a laptop under 25k,https://www.reddit.com/r/laptops/comments/1qrc27r/looking_for_a_laptop_under_25k/,4372c0a0f505
Laptop advice,https://www.reddit.com/r/laptops/comments/1qrbubn/laptop_advice/,c920589321aa
laptop keyboad broken,https://www.reddit.com/r/laptops/comments/1qrbhpc/laptop_keyboad_broken/,539dba59e785
Gaming Laptop to also use for college,https://www.reddit.com/r/SuggestALaptop/comments/1qrd2hz/gaming_laptop_to_also_use_for_college/,a886f5e5a7e9
"Canada, Max budget of $1500",https://www.reddit.com/r/SuggestALaptop/comments/1qrdbi7/canada_max_budget_of_1500/,37ade6777790
Does anyone know any laptop powerbanks with type E outlets that can charge a ASUS vivibook?,https://www.reddit.com/r/laptops/comments/1qrec04/does_anyone_know_any_laptop_powerbanks_with_type/,75f6d66bbfea
I have broken/damaged a key hinge of my Lenovo laptop - any ideas on how to repair it?,https://www.reddit.com/r/laptops/comments/1qre3wz/i_have_brokendamaged_a_key_hinge_of_my_lenovo/,afcda7e27d78
Anyone here actually using a Slimbook? How is the long-term reliability?,https://www.reddit.com/r/laptops/comments/1qrdm8u/anyone_here_actually_using_a_slimbook_how_is_the/,285393ed3533
Best new or used 2 in 1 laptops $800 for drawing that ram and memory are upgradable?,https://www.reddit.com/r/laptops/comments/1qrcxiy/best_new_or_used_2_in_1_laptops_800_for_drawing/,cdebed972635
I have broken/damaged a key hinge of my Lenovo laptop - any ideas on how to repair it?,https://www.reddit.com/r/techsupport/comments/1qre0hq/i_have_brokendamaged_a_key_hinge_of_my_lenovo/,7250e95c47a4
â‚¬1200â€“1800 | EU (Lithuania) â€” Windows laptop with excellent battery life & 100% sRGB (ARM welcome),https://www.reddit.com/r/SuggestALaptop/comments/1qrf4dy/12001800_eu_lithuania_windows_laptop_with/,9f694be5f3e5
Seniors Laptop,https://www.reddit.com/r/SuggestALaptop/comments/1qrede1/seniors_laptop/,23cd2b602dd3
Laptop for programming,https://www.reddit.com/r/laptops/comments/1qrfdjs/laptop_for_programming/,8eab169ece6a
Laptop advice,https://www.reddit.com/r/laptops/comments/1qrfcko/laptop_advice/,1bae2e7bb176
PLANNING to buy a LENOVO LOQ,https://www.reddit.com/r/laptops/comments/1qren1b/planning_to_buy_a_lenovo_loq/,47309765d65c
New Laptop Recommendations for vet student,https://www.reddit.com/r/laptops/comments/1qrekam/new_laptop_recommendations_for_vet_student/,86ebc292c80e
(UK) Who provides good onsite hardware repairs for laptops,https://www.reddit.com/r/techsupport/comments/1qrfa39/uk_who_provides_good_onsite_hardware_repairs_for/,7d020dd7eaa9
"Looking for the last laptop I will need for a long, long time.",https://www.reddit.com/r/laptops/comments/1qrgx5k/looking_for_the_last_laptop_i_will_need_for_a/,5aafd529181d
Budget friendly Laptop suggestions,https://www.reddit.com/r/laptops/comments/1qrghyo/budget_friendly_laptop_suggestions/,823ef848d4c8
Is this a good deal?,https://www.reddit.com/r/laptops/comments/1qrinl9/is_this_a_good_deal/,c5a7eb16143b
Laptopum bataryayÄ± Ã¶lÃ¼ gÃ¶rÃ¼yor,https://www.reddit.com/r/laptops/comments/1qrhqmy/laptopum_bataryayÄ±_Ã¶lÃ¼_gÃ¶rÃ¼yor/,9925c5627210
Need help with a PC Â£2000~ Budget (UK),https://www.reddit.com/r/buildapcforme/comments/1qrhmn3/need_help_with_a_pc_2000_budget_uk/,5e3756590d92
"Should I go for a 5060 laptop, or save some money for a 5050 laptop? I don't know plz help",https://www.reddit.com/r/laptops/comments/1qrjgcn/should_i_go_for_a_5060_laptop_or_save_some_money/,f16304412aa8
Laptop wont charge normal,https://www.reddit.com/r/laptops/comments/1qrj4gk/laptop_wont_charge_normal/,65fc911edee9
Laptop wont charge properly,https://www.reddit.com/r/techsupport/comments/1qrizvg/laptop_wont_charge_properly/,3a49d259de36
Laptop Suggestions?,https://www.reddit.com/r/laptops/comments/1qrla75/laptop_suggestions/,c48ce5065ce6
Laptop issues,https://www.reddit.com/r/laptops/comments/1qrl1qp/laptop_issues/,22208f5682c1
How much is this laptop worth?,https://www.reddit.com/r/laptops/comments/1qrkpwx/how_much_is_this_laptop_worth/,7324005b2c2a
How can I help my Laptop live longer,https://www.reddit.com/r/laptops/comments/1qrmw0w/how_can_i_help_my_laptop_live_longer/,3031233648fa
Should what I do with my laptop?,https://www.reddit.com/r/laptops/comments/1qrmlqt/should_what_i_do_with_my_laptop/,deab05c00fc6
ThinkPad P14s Gen 6 (AMD) for 999â‚¬ â€” solid productivity machine or hidden compromise,https://www.reddit.com/r/laptops/comments/1qrmb0g/thinkpad_p14s_gen_6_amd_for_999_solid/,d951ec9afa1a
laptop no power,https://www.reddit.com/r/laptops/comments/1qrmx8j/laptop_no_power/,07246e76312f
What Laptop Should An AI/ML student should buy?,https://www.reddit.com/r/laptops/comments/1qro2uh/what_laptop_should_an_aiml_student_should_buy/,b08079f57603
Which laptop in this price range?,https://www.reddit.com/r/laptops/comments/1qrns10/which_laptop_in_this_price_range/,460de6bae156
Backup for laptop,https://www.reddit.com/r/techsupport/comments/1qrprld/backup_for_laptop/,0aa4dbc91d41
"$1000-$2000, USA",https://www.reddit.com/r/SuggestALaptop/comments/1qrr5m4/10002000_usa/,0ef1f92177fe
Laptop issue,https://www.reddit.com/r/laptops/comments/1qrqurw/laptop_issue/,ccca2506864d
Good first laptop?,https://www.reddit.com/r/laptops/comments/1qrv69h/good_first_laptop/,b76e0e460b9f
Asking for laptop suggestions,https://www.reddit.com/r/laptops/comments/1qrv4vc/asking_for_laptop_suggestions/,2833b3ce72bf
My laptop fell,https://www.reddit.com/r/techsupport/comments/1qru02o/my_laptop_fell/,bff5707d1c84
Touchscreen Laptop (stylus included) that can run CAD (Australia),https://www.reddit.com/r/SuggestALaptop/comments/1qrvhwc/touchscreen_laptop_stylus_included_that_can_run/,48d9485b1ad1
I need your help deciding a laptop for my college in New Zealand,https://www.reddit.com/r/laptops/comments/1qrwtxt/i_need_your_help_deciding_a_laptop_for_my_college/,07e1f1efd111
Mechanical Engineering Laptop Recommendation (Under $900),https://www.reddit.com/r/laptops/comments/1qrwof9/mechanical_engineering_laptop_recommendation/,bd26928e0c26
Is this a good deal ?,https://www.reddit.com/r/laptops/comments/1qrxgm1/is_this_a_good_deal/,86a1954f80cb
Work Laptop- Razer Blade 14 or Surface 7 with intel core ultra 7- business usage (office apps and outlook/teams),https://www.reddit.com/r/laptops/comments/1qrxeww/work_laptop_razer_blade_14_or_surface_7_with/,382e8c98ff32
Laptop purchase,https://www.reddit.com/r/laptops/comments/1qrx7o8/laptop_purchase/,7e21788f34fe
how to protect laptop from dampness(in Hindi seelan),https://www.reddit.com/r/laptops/comments/1qry117/how_to_protect_laptop_from_dampnessin_hindi_seelan/,c1aa723f6412
LOOKING FOR RECO LAPTOP FOR VIDEO EDITING & GRAPHIC DESIGN,https://www.reddit.com/r/laptops/comments/1qrz9su/looking_for_reco_laptop_for_video_editing_graphic/,83d959f720ac
Laptop Recommendations Needed,https://www.reddit.com/r/laptops/comments/1qs1dco/laptop_recommendations_needed/,1bbc13b794fd
Hello need an advice with choosing laptop,https://www.reddit.com/r/laptops/comments/1qs29t7/hello_need_an_advice_with_choosing_laptop/,fba02cf78325
LAPTOP FROM SAUDI ARABIA,https://www.reddit.com/r/SuggestALaptop/comments/1qs3g3v/laptop_from_saudi_arabia/,0a9dc9e81265
Which lapto should I buy?,https://www.reddit.com/r/laptops/comments/1qs3n13/which_lapto_should_i_buy/,6bddc97ec9f5
Laptop suggestion up to $1200 USD,https://www.reddit.com/r/SuggestALaptop/comments/1qs54kk/laptop_suggestion_up_to_1200_usd/,1ec317f6d96b
"[Walmart] MSI Katana 15 HX Gaming Laptop: 15.6"" QHD 165Hz IPS Display, Intel Core i7-14650HX, RTX 5070, 16GB DDR5 RAM, 1TB Gen4 SSD, Win11H. Now: $1,299 After $200.99 Off",https://www.reddit.com/r/LaptopDeals/comments/1qs56bp/walmart_msi_katana_15_hx_gaming_laptop_156_qhd/,d769dbe26971
"[eBay] Cert. Refurbished HP EliteBook 845 G8 Laptop: 14"" (1920x1080) FHD IPS 60Hz Display, AMD Ryzen 5 PRO 5650U, AMD Radeon Integrated Graphics, 16GB RAM, 256 GB SSD, Windows 11 Pro, Now: $239.99 After 31% Off + a 1-year warranty serviced by Allstate. #ad",https://www.reddit.com/r/LaptopDeals/comments/1qs55p1/ebay_cert_refurbished_hp_elitebook_845_g8_laptop/,5965cd944585
"[Walmart] Lenovo IdeaPad Slim 3i Laptop: 15.6"" FHD Touch Display, Intel Core i7-1355U, Intel Iris Xe Graphics, 16GB RAM, 1TB SSD. Now: $558 After $341 Off",https://www.reddit.com/r/LaptopDeals/comments/1qs54tj/walmart_lenovo_ideapad_slim_3i_laptop_156_fhd/,e3811253d144
what are some good laptops to buy under $175?,https://www.reddit.com/r/laptops/comments/1qs43rw/what_are_some_good_laptops_to_buy_under_175/,9722d4c5e711
$550-$580 USD in the US,https://www.reddit.com/r/SuggestALaptop/comments/1qs5x7c/550580_usd_in_the_us/,5a7b5f5688f6
Should I get a surface laptop or surface pro? (or avoid at all costs??),https://www.reddit.com/r/laptops/comments/1qs64xq/should_i_get_a_surface_laptop_or_surface_pro_or/,d02918a8a9da
Looking for real problems I can solve by building an offline app,https://www.reddit.com/r/techsupport/comments/1qs6ghs/looking_for_real_problems_i_can_solve_by_building/,eb9192db8e41
USA $900 or less,https://www.reddit.com/r/SuggestALaptop/comments/1qs7xbp/usa_900_or_less/,07fedcea3d60
laptop is not turning on not charging,https://www.reddit.com/r/laptops/comments/1qs852o/laptop_is_not_turning_on_not_charging/,b773f042df97
Acer Aspire A315-24P â€“ Ryzen 5 For sale for only 20k (negotiable),https://www.reddit.com/r/laptops/comments/1qs83xn/acer_aspire_a31524p_ryzen_5_for_sale_for_only_20k/,6ac6e484ee2b
Acer Aspire A315-24P â€“ Ryzen 5 For sale for only 20k (negotiable),https://www.reddit.com/r/laptops/comments/1qs824x/acer_aspire_a31524p_ryzen_5_for_sale_for_only_20k/,9d68b20d4aae
What laptop would you suggest?,https://www.reddit.com/r/laptops/comments/1qs7t29/what_laptop_would_you_suggest/,f669cd9ed3e1
Laptop Recs for Casual User?,https://www.reddit.com/r/laptops/comments/1qs7pf6/laptop_recs_for_casual_user/,b3f2aa23e48b
Recommendation for school/work laptop,https://www.reddit.com/r/laptops/comments/1qs7jgu/recommendation_for_schoolwork_laptop/,88c560059d42
Laptop isn't charging,https://www.reddit.com/r/techsupport/comments/1qs76xe/laptop_isnt_charging/,05c802740eb6
What is the best laptop with no BS ? (),https://www.reddit.com/r/SuggestALaptop/comments/1qs9ysg/what_is_the_best_laptop_with_no_bs/,628df17bc980
Is Acer brand good enough?,https://www.reddit.com/r/SuggestALaptop/comments/1qs9mpb/is_acer_brand_good_enough/,cba3e6d92e0c
Recommend a laptop under 110000rs In INDIA,https://www.reddit.com/r/SuggestALaptop/comments/1qs649d/recommend_a_laptop_under_110000rs_in_india/,2db108c9ed7a
What's the most affordable laptop with these specs?,https://www.reddit.com/r/SuggestALaptop/comments/1qryuak/whats_the_most_affordable_laptop_with_these_specs/,63a4b9564eff
Looking for a laptop,https://www.reddit.com/r/SuggestALaptop/comments/1qrgf2l/looking_for_a_laptop/,1d5e64c399e7
Bought a used gaming laptop for my younger brother â€“ decent experience with Saudewala,https://www.reddit.com/r/laptops/comments/1qsa449/bought_a_used_gaming_laptop_for_my_younger/,32a1b9caed1b
Is this a good laptop,https://www.reddit.com/r/laptops/comments/1qs9d4b/is_this_a_good_laptop/,e5375cc7ce1c
Is this a good laptop,https://www.reddit.com/r/laptops/comments/1qs9co6/is_this_a_good_laptop/,0f1928f99802
Suggest me laptop 40k-50k,https://www.reddit.com/r/laptops/comments/1qs99j6/suggest_me_laptop_40k50k/,35ecdeebe1eb
Can lost iPhone be tracked if on airplane mode and wifi deactivated?,https://www.reddit.com/r/techsupport/comments/1qsa9n5/can_lost_iphone_be_tracked_if_on_airplane_mode/,505fc8076824
Laptop stops working suddenly,https://www.reddit.com/r/laptops/comments/1qsb2fe/laptop_stops_working_suddenly/,005a0c94142c
"Looking for a 14"" laptop with a great OLED screen and solid performance. Any real-world recommendations?",https://www.reddit.com/r/laptops/comments/1qsaiil/looking_for_a_14_laptop_with_a_great_oled_screen/,18b59cc8c261
Need a laptop for A levels,https://www.reddit.com/r/SuggestALaptop/comments/1qsd0mq/need_a_laptop_for_a_levels/,292ca22b3408
Best laptop to buy i5/i17 11th gen,https://www.reddit.com/r/SuggestALaptop/comments/1qsbmyr/best_laptop_to_buy_i5i17_11th_gen/,29ae8cb4d559
What kind of laptop should I purchase?,https://www.reddit.com/r/laptops/comments/1qsdb0d/what_kind_of_laptop_should_i_purchase/,e5a127a8f19b
"Recommendations for Personal/ Digital Art laptop, $750-$1500 USD",https://www.reddit.com/r/laptops/comments/1qsd03g/recommendations_for_personal_digital_art_laptop/,d8d109c6913e
Advise for buying a laptop from Costco,https://www.reddit.com/r/laptops/comments/1qsc6ej/advise_for_buying_a_laptop_from_costco/,4186c67d680e
Budget is Â£600 country is England,https://www.reddit.com/r/SuggestALaptop/comments/1qseojo/budget_is_600_country_is_england/,215b9859d237
$1000-2000 LAPTOP - USA,https://www.reddit.com/r/SuggestALaptop/comments/1qse1o7/10002000_laptop_usa/,aaeea4e95e21
Laptop under 700â‚¬,https://www.reddit.com/r/laptops/comments/1qsds0r/laptop_under_700/,e1dc8c7ecacf
Laptop Suggestions 2026?,https://www.reddit.com/r/laptops/comments/1qse7s1/laptop_suggestions_2026/,ab02d42699ec
Getting into laptop repairs,https://www.reddit.com/r/laptops/comments/1qsdyz3/getting_into_laptop_repairs/,438585b5ad1d
Best Second Hand Laptop Under 150?,https://www.reddit.com/r/SuggestALaptop/comments/1qsfwbl/best_second_hand_laptop_under_150/,97f88b9872ea
Electrician needs laptop for electrical testing data,https://www.reddit.com/r/SuggestALaptop/comments/1qsf0vf/electrician_needs_laptop_for_electrical_testing/,1a1cdffa9029
"Hello, what laptop do you recommend for 5 million Colombian pesos? 1,362",https://www.reddit.com/r/laptops/comments/1qsf2tk/hello_what_laptop_do_you_recommend_for_5_million/,5153502b3145
Laptop Reco >Â£600 gbp england,https://www.reddit.com/r/laptops/comments/1qshewx/laptop_reco_600_gbp_england/,211359ceaca7
Need help buying a laptop fr stundent,https://www.reddit.com/r/SuggestALaptop/comments/1qslh7l/need_help_buying_a_laptop_fr_stundent/,7862b7f34c5e
Laptop for someone who doesn't care about one but needs one for work,https://www.reddit.com/r/SuggestALaptop/comments/1qsl3ip/laptop_for_someone_who_doesnt_care_about_one_but/,4bd35783d82c
I need help finding a laptop as a Earth Science major for college,https://www.reddit.com/r/SuggestALaptop/comments/1qsjyq9/i_need_help_finding_a_laptop_as_a_earth_science/,c76d6f96811e
A laptop for school and gaming,https://www.reddit.com/r/SuggestALaptop/comments/1qsdomo/a_laptop_for_school_and_gaming/,0d90f5359f7a
Best laptop to buy i5/i17 11th gen,https://www.reddit.com/r/SuggestALaptop/comments/1qsbp79/best_laptop_to_buy_i5i17_11th_gen/,92584c0c1311
Laptop for uni,https://www.reddit.com/r/SuggestALaptop/comments/1qsb860/laptop_for_uni/,3366688f06c2
I want to buy a laptop,https://www.reddit.com/r/laptops/comments/1qsjgdn/i_want_to_buy_a_laptop/,43842281f9fd
LAPTOP SUGGESTIONS,https://www.reddit.com/r/laptops/comments/1qsldfr/laptop_suggestions/,8c629e0042c0
Best study laptop under 1000$ (120hz),https://www.reddit.com/r/laptops/comments/1qskw2r/best_study_laptop_under_1000_120hz/,edf01df8b6a8
Not Your Average Laptop Suggestion Request,https://www.reddit.com/r/laptops/comments/1qsjwlg/not_your_average_laptop_suggestion_request/,b83768986cbf
Laptop not turning on,https://www.reddit.com/r/techsupport/comments/1qsmc3l/laptop_not_turning_on/,b89e7180696f
Help laptop For student,https://www.reddit.com/r/laptops/comments/1qsni04/help_laptop_for_student/,902c1f93a4bf
LAPTOP SUGGESTIONS!,https://www.reddit.com/r/laptops/comments/1qsp1yu/laptop_suggestions/,42a04ce5784b
Extra opinions for laptop repair,https://www.reddit.com/r/laptops/comments/1qso6ks/extra_opinions_for_laptop_repair/,e7e528c62d2a
Looking for laptop that can charge on both sides,https://www.reddit.com/r/laptops/comments/1qsnp1f/looking_for_laptop_that_can_charge_on_both_sides/,80098d510f33
laptop not turning on,https://www.reddit.com/r/laptops/comments/1qsnnji/laptop_not_turning_on/,0c9086213dcf
How to convert PDF files or edit PDFs online without installing software?,https://www.reddit.com/r/techsupport/comments/1qsowc2/how_to_convert_pdf_files_or_edit_pdfs_online/,401521a6e9dc
"Laptop completely dead, troubleshooted everything. Think it may be the motherboard, can it be repaired?",https://www.reddit.com/r/techsupport/comments/1qsoqc0/laptop_completely_dead_troubleshooted_everything/,480d10fe8529
How long do you keep a laptop?,https://www.reddit.com/r/laptops/comments/1qsqt7p/how_long_do_you_keep_a_laptop/,94dbe6a44194
Thinkpad E480 battery not working entirely,https://www.reddit.com/r/laptops/comments/1qsr3qy/thinkpad_e480_battery_not_working_entirely/,e56bb8c1397f
I'm looking for a new computer for college. I'd really appreciate the help. Thx!,https://www.reddit.com/r/laptops/comments/1qsqqe7/im_looking_for_a_new_computer_for_college_id/,51919bf47641
what's the first place I should look for recovering an external hard drive,https://www.reddit.com/r/techsupport/comments/1qsplyy/whats_the_first_place_i_should_look_for/,f9c0235b51c8
Work laptop choice,https://www.reddit.com/r/laptops/comments/1qssguj/work_laptop_choice/,94558c677836
Help to choose laptopt,https://www.reddit.com/r/laptops/comments/1qstwap/help_to_choose_laptopt/,1fbed915564c
What to do with a laptop with a busted power button?,https://www.reddit.com/r/laptops/comments/1qstma9/what_to_do_with_a_laptop_with_a_busted_power/,2b6d5d983df7
Lenovo S540-15IML stuck blinking keyboard/power button and won't start,https://www.reddit.com/r/techsupport/comments/1qsv0rn/lenovo_s54015iml_stuck_blinking_keyboardpower/,aa9dd35be791
NEED A LAPTOP UNDER 40 K IN INDIA OR SAUDI ARABIA,https://www.reddit.com/r/laptops/comments/1qsxp2q/need_a_laptop_under_40_k_in_india_or_saudi_arabia/,b26ba6635b48
Windows laptop for 3000AED,https://www.reddit.com/r/laptops/comments/1qsw2ak/windows_laptop_for_3000aed/,d63aae0405d7
UK builder here - Â£2200 budget (1790 without monitor and keyboard),https://www.reddit.com/r/buildapcforme/comments/1qswzjx/uk_builder_here_2200_budget_1790_without_monitor/,e990bf827b7b
Laptop suggestions,https://www.reddit.com/r/laptops/comments/1qsz3ri/laptop_suggestions/,0ed240731cd2
Buying new laptop,https://www.reddit.com/r/laptops/comments/1qsyxts/buying_new_laptop/,1ce43ed15e76
Do I stay with my windows laptop or complete the apple ecosystem?,https://www.reddit.com/r/laptops/comments/1qsytc7/do_i_stay_with_my_windows_laptop_or_complete_the/,d27af0edd5ac
Best laptop for cse student under or below 40k,https://www.reddit.com/r/laptops/comments/1qsyfrd/best_laptop_for_cse_student_under_or_below_40k/,3f2699e5b0cb
extremely budget laptop,https://www.reddit.com/r/laptops/comments/1qsy0ak/extremely_budget_laptop/,7ea462b48213
Can I use a plug in keyboard to prevent further damage on a laptop keyboard,https://www.reddit.com/r/techsupport/comments/1qszamx/can_i_use_a_plug_in_keyboard_to_prevent_further/,fff2141c1969
2 in 1 Laptop for Dental Technology student,https://www.reddit.com/r/SuggestALaptop/comments/1qt16tq/2_in_1_laptop_for_dental_technology_student/,cbd8b598679d
Seeking laptop recommendations,https://www.reddit.com/r/SuggestALaptop/comments/1qt0pta/seeking_laptop_recommendations/,b9e5025f5c09
Help finding a 2 in 1 laptop with high performance,https://www.reddit.com/r/laptops/comments/1qt0hf9/help_finding_a_2_in_1_laptop_with_high_performance/,4154eca6ead7
Laptop (HP 14s) wonâ€™t turn on without charger even with new battery,https://www.reddit.com/r/techsupport/comments/1qt15t0/laptop_hp_14s_wont_turn_on_without_charger_even/,7be8a2cf1ab2
Laptop Issue,https://www.reddit.com/r/laptops/comments/1qt257y/laptop_issue/,6eac9e0e9a5e
Budget Office Laptop: new ThinkBook 16 G7 IML or Used Yoga Pro 7?,https://www.reddit.com/r/laptops/comments/1qt1k66/budget_office_laptop_new_thinkbook_16_g7_iml_or/,01e07ed06804
SSD harddisk prices have soared,https://www.reddit.com/r/laptops/comments/1qt1i0s/ssd_harddisk_prices_have_soared/,d10e76e715b4
Best Laptop sub $2k For Photo Editing and Gaming?,https://www.reddit.com/r/laptops/comments/1qt3uj4/best_laptop_sub_2k_for_photo_editing_and_gaming/,b49d8bda35bd
Upgrade to a new laptop? Canada,https://www.reddit.com/r/laptops/comments/1qt6oob/upgrade_to_a_new_laptop_canada/,e61052c3996a
Is this laptop good for the price as a laptop for school and some light editing?,https://www.reddit.com/r/laptops/comments/1qt6hmy/is_this_laptop_good_for_the_price_as_a_laptop_for/,c4a47fcef03d
Need laptop recommendation for graphic design,https://www.reddit.com/r/laptops/comments/1qt6eqv/need_laptop_recommendation_for_graphic_design/,660f4fa57eb4
Laptop Battery Inconsistency?,https://www.reddit.com/r/laptops/comments/1qt59md/laptop_battery_inconsistency/,7801e6b5390a
Lenovo S540-15IML stuck blinking keyboard/power button and won't start,https://www.reddit.com/r/techsupport/comments/1qt6mqi/lenovo_s54015iml_stuck_blinking_keyboardpower/,8fb0f5db5117
Laptop buying help,https://www.reddit.com/r/laptops/comments/1qt7hh7/laptop_buying_help/,c417be0728d0
laptop suggestions for gaming / college?,https://www.reddit.com/r/laptops/comments/1qt7fae/laptop_suggestions_for_gaming_college/,bd8071be602e
Buying new laptop,https://www.reddit.com/r/laptops/comments/1qt7bn4/buying_new_laptop/,ef04a54d0cf0
Shopping for HP laptop,https://www.reddit.com/r/SuggestALaptop/comments/1qt951l/shopping_for_hp_laptop/,d0f736c8bb19
"[Amazon] ASUS Vivobook S 14 Laptop: 14â€ 3K (2880 x 1800) 600nits, 100% DCI-P3, 120Hz Display, AMD Ryzen AI 9 365 (10 Cores), AMD Radeon Graphics, 24GB RAM, 1TB SSD, Customizable RGB Keyboard, Cool Silver, Now: $979.99 After 22% Off",https://www.reddit.com/r/LaptopDeals/comments/1qt9mqw/amazon_asus_vivobook_s_14_laptop_14_3k_2880_x/,d82ea13bb704
"[Amazon] Samsung 15.6â€ Galaxy Book5 360 Copilot AI Laptop PC Computer, FHD AMOLED Touchscreen Display, 16GB RAM / 512GB SSD, Dolby Atmos Quad Speakers, All-Day Battery Life, NP750QHA-KA1US. Now: $938.77 After 30% Off",https://www.reddit.com/r/LaptopDeals/comments/1qt9k5a/amazon_samsung_156_galaxy_book5_360_copilot_ai/,e114ad1cf612
"[eBay] HP OmniBook X AI 14-fe0013dx Laptop (Cert. Refurbished): 14"", 2.2K (2240 x 1400) 16:10, 300-nits, Multitouch IPS Display, Snapdragon X1E-78-100 Processor, Qualcomm Adreno Graphics, 16GB RAM, 1TB SSD. Now: $490 After 48% Off #ad",https://www.reddit.com/r/LaptopDeals/comments/1qt9nz2/ebay_hp_omnibook_x_ai_14fe0013dx_laptop_cert/,825f97fe51a0
"[Walmart] ASUS Vivobook Laptop: 16"" WUXGA (1920 x 1200) Display, Intel Core i7-1355U, Integrated Intel Iris Xe Graphics, 16GB RAM, 512GB SSD Black. Now: $496.98 After $153 Off",https://www.reddit.com/r/LaptopDeals/comments/1qt9lmj/walmart_asus_vivobook_laptop_16_wuxga_1920_x_1200/,25b37635e310
Looking for laptops under 1 lac,https://www.reddit.com/r/laptops/comments/1qt9phz/looking_for_laptops_under_1_lac/,ecf712a0e7d5
Looking for writing laptop,https://www.reddit.com/r/laptops/comments/1qt9n2o/looking_for_writing_laptop/,e917976154ba
In need of a laptop,https://www.reddit.com/r/SuggestALaptop/comments/1qstdu7/in_need_of_a_laptop/,9df22ac87082
Needing laptop for teenager,https://www.reddit.com/r/laptops/comments/1qtcsmc/needing_laptop_for_teenager/,92af184c8ad1
Laptop for engineering,https://www.reddit.com/r/laptops/comments/1qtck0i/laptop_for_engineering/,458828340b12
UK - do it all laptop for 600-1000,https://www.reddit.com/r/SuggestALaptop/comments/1qtegqd/uk_do_it_all_laptop_for_6001000/,df63e4be2fde
Which Config is better as a Long Term CAD Laptop Investment,https://www.reddit.com/r/SuggestALaptop/comments/1qtedzt/which_config_is_better_as_a_long_term_cad_laptop/,0b925b6a6dc8
Buying a new lap top (advice & tips),https://www.reddit.com/r/laptops/comments/1qtdc5i/buying_a_new_lap_top_advice_tips/,03863f7e7440
"Acer Nitro V16 Â£1300, is it good for the price? Also do I 'need' it",https://www.reddit.com/r/laptops/comments/1qtdewv/acer_nitro_v16_1300_is_it_good_for_the_price_also/,84bfc21f7840
Help me pick a laptop for music production,https://www.reddit.com/r/SuggestALaptop/comments/1qtg6h6/help_me_pick_a_laptop_for_music_production/,5179fbf122fd
Acer aspire 14 ai amazon worth it ?,https://www.reddit.com/r/SuggestALaptop/comments/1qtarlu/acer_aspire_14_ai_amazon_worth_it/,6d2b74fe6265
"[Walmart] HP OmniBook 5 AI PC Laptop: 16"" (1920 x 1200) 2K Touch Display, AMD Ryzenâ„¢ 5 8540U processor, AMD Radeonâ„¢ Graphics, 16GB RAM, 1TB SSD, Glacier Silver, Now: $569.97 After $410 Off",https://www.reddit.com/r/LaptopDeals/comments/1qtge7h/walmart_hp_omnibook_5_ai_pc_laptop_16_1920_x_1200/,ab3b95457605
screen pricing (?),https://www.reddit.com/r/laptops/comments/1qtekla/screen_pricing/,3d541b0038ee
Unresponsive Laptop,https://www.reddit.com/r/laptops/comments/1qth03z/unresponsive_laptop/,335623bfd1b3
Laptops around $350 - Used,https://www.reddit.com/r/laptops/comments/1qtik4e/laptops_around_350_used/,b45c5ac076e6
Laptop recommendation,https://www.reddit.com/r/laptops/comments/1qthj1y/laptop_recommendation/,177a2868a546
Laptop recommendation for accountancy student,https://www.reddit.com/r/laptops/comments/1qtgjj9/laptop_recommendation_for_accountancy_student/,7db92e3d2390
Some of laptop's keyboard's keys not working properly,https://www.reddit.com/r/techsupport/comments/1qthah6/some_of_laptops_keyboards_keys_not_working/,8d604641d145
Factory reset laptop. OneDrive files are gone. What happened?,https://www.reddit.com/r/techsupport/comments/1qtivcw/factory_reset_laptop_onedrive_files_are_gone_what/,a31c606f6190
"Need a new laptop ASAP, current one just died",https://www.reddit.com/r/SuggestALaptop/comments/1qtloyo/need_a_new_laptop_asap_current_one_just_died/,2fee81732f4a
100W laptop charger suddenly stopped working,https://www.reddit.com/r/laptops/comments/1qtlkuc/100w_laptop_charger_suddenly_stopped_working/,c969d08fc072
"Which laptop is suitable for gaming, homework, and other tasks, plus being budget-friendly?",https://www.reddit.com/r/laptops/comments/1qtksv3/which_laptop_is_suitable_for_gaming_homework_and/,2e4286c2dc9d
New Acer laptop with Wi-Fi 6E has been filed in FCC,https://www.reddit.com/r/laptops/comments/1qtj7bm/new_acer_laptop_with_wifi_6e_has_been_filed_in_fcc/,4e5e450f135e
Is a New Laptop Worth It?,https://www.reddit.com/r/laptops/comments/1qtj06w/is_a_new_laptop_worth_it/,2048d163d5a3
100W laptop charger suddenly stopped working,https://www.reddit.com/r/techsupport/comments/1qtlkft/100w_laptop_charger_suddenly_stopped_working/,d675a6be6723
Need laptop with limited budget,https://www.reddit.com/r/SuggestALaptop/comments/1qtmn32/need_laptop_with_limited_budget/,ade1c7fd3154
"[eBay] ASUS Vivobook 16 Laptop - 16"" (1920 x 1200) WUXGA FHD+ IPS 300 nits Display, Copilot+ PC, AMD Ryzen AI 5 330, AMD Radeon Graphics, 16GB RAM, 512GB SSD, Quiet Blue. Now: $549.99 After 27% Off #ad",https://www.reddit.com/r/LaptopDeals/comments/1qtm9aw/ebay_asus_vivobook_16_laptop_16_1920_x_1200_wuxga/,8465c074f392
"[eBay] Samsung Galaxy Book4 Laptop: 15.6"" FHD (1920 x 1080) 16:9, 60Hz, 300-nits, Anti-glare, IPS Display, Intel Core i7 150U, Integrated Intel Iris Xe Graphics G7, 16GB RAM, 512GB SSD. Now: $599.99 After 33% Off + Free Shipping #ad",https://www.reddit.com/r/LaptopDeals/comments/1qtm8ln/ebay_samsung_galaxy_book4_laptop_156_fhd_1920_x/,1b1eb3a693b5
Refurbished laptop windows not updating,https://www.reddit.com/r/laptops/comments/1qtmhlv/refurbished_laptop_windows_not_updating/,97b6bd5a5ba9
Reliable refurbished Macbooks,https://www.reddit.com/r/laptops/comments/1qto0m1/reliable_refurbished_macbooks/,772527ab2a10
$ 1500-2300 (US) Laptop Rec for music,https://www.reddit.com/r/laptops/comments/1qtnshu/15002300_us_laptop_rec_for_music/,4ddd9a9eba36
Need laptop with limited budget,https://www.reddit.com/r/laptops/comments/1qtmnkd/need_laptop_with_limited_budget/,b32808db18b9
Help for a good laptop for 400USD,https://www.reddit.com/r/laptops/comments/1qtm6yc/help_for_a_good_laptop_for_400usd/,e30c13f30ef3
Laptop fell from the bed and is now dented,https://www.reddit.com/r/laptops/comments/1qtlyw6/laptop_fell_from_the_bed_and_is_now_dented/,ff0a515687b5
Planning to get my GF a laptop for her small online biz work. Recomendation Pls,https://www.reddit.com/r/laptops/comments/1qtpmda/planning_to_get_my_gf_a_laptop_for_her_small/,3641618cdd2e
Is it dumb to buy multiple laptops for different tasks?,https://www.reddit.com/r/laptops/comments/1qtogwr/is_it_dumb_to_buy_multiple_laptops_for_different/,6efa16c47360
Lenovo Legion 5 replacement charger - All the ones on Amazon dying within months and getting super hot,https://www.reddit.com/r/laptops/comments/1qtofu6/lenovo_legion_5_replacement_charger_all_the_ones/,b4196cc3b3f1
Laptop freezes every 5 - 10 minutes,https://www.reddit.com/r/techsupport/comments/1qtpjkr/laptop_freezes_every_5_10_minutes/,6b85a70efdec
What exactly happend (or was burned) in my laptop?,https://www.reddit.com/r/techsupport/comments/1qtom6v/what_exactly_happend_or_was_burned_in_my_laptop/,6b54ef192880
Boss's old laptop stopped working properly,https://www.reddit.com/r/laptops/comments/1qtqci4/bosss_old_laptop_stopped_working_properly/,31bce0d23222
Is it worth buying Dell latitude series laptop from dealer who sell second hand business series laptop with 3 month warranty,https://www.reddit.com/r/laptops/comments/1qtqpoz/is_it_worth_buying_dell_latitude_series_laptop/,b46127f097eb
Laptop recommendation,https://www.reddit.com/r/laptops/comments/1qtqjbk/laptop_recommendation/,e6735cd01e23
Lenovo Legion Y540 charger keeps dying â€“ anyone else dealt with this?,https://www.reddit.com/r/laptops/comments/1qtqcuo/lenovo_legion_y540_charger_keeps_dying_anyone/,37b318818327
Is my laptop budget (1300SGD[1000USD]) realistic or am I aiming too high specs for my budget? First time buying my own laptop.,https://www.reddit.com/r/laptops/comments/1qtr248/is_my_laptop_budget_1300sgd1000usd_realistic_or/,c34b4b1206ee
Need help with understanding the price to clean my laptop.,https://www.reddit.com/r/techsupport/comments/1qtr9zm/need_help_with_understanding_the_price_to_clean/,d215a6fd24ed
Suggest a laptop please (Austria +- 1300 eur),https://www.reddit.com/r/SuggestALaptop/comments/1qttk9l/suggest_a_laptop_please_austria_1300_eur/,44f90f657595
"In need of a new laptop for photo editing, light video editing (timelapses mostly) and powerpoint - Italy - No Mac",https://www.reddit.com/r/SuggestALaptop/comments/1qtszn2/in_need_of_a_new_laptop_for_photo_editing_light/,670e08f363d9
"In need of a new laptop for photo editing, light video editing (timelapses mostly) and powerpoint - Italy - No Mac",https://www.reddit.com/r/laptops/comments/1qtsuyz/in_need_of_a_new_laptop_for_photo_editing_light/,335fddb574bd
Looking for new laptop that doesn't have soldered on HD,https://www.reddit.com/r/SuggestALaptop/comments/1qtwuxo/looking_for_new_laptop_that_doesnt_have_soldered/,c3363ee6ebdd
One-Laptop Plan for the Next Few Years (Dell Latitude 5440?) â€” Looking for Experienced Opinions,https://www.reddit.com/r/SuggestALaptop/comments/1qtw3d2/onelaptop_plan_for_the_next_few_years_dell/,1e5be5726687
Can anyone recommend a laptop for a future mechanical engineering student?,https://www.reddit.com/r/SuggestALaptop/comments/1qtuxaq/can_anyone_recommend_a_laptop_for_a_future/,e571ce2b2240
Is it worth buying Dell latitude series laptop from dealer who sell second hand business series laptop with 3 month warranty,https://www.reddit.com/r/SuggestALaptop/comments/1qtqtk7/is_it_worth_buying_dell_latitude_series_laptop/,6b9e797b8ff5
Charging laptop with DIY 5S LiIon battery,https://www.reddit.com/r/laptops/comments/1qtweqt/charging_laptop_with_diy_5s_liion_battery/,7ec402348956
Best laptop to buy i5/i17 11th gen,https://www.reddit.com/r/laptops/comments/1qtvdep/best_laptop_to_buy_i5i17_11th_gen/,62dc1313f2b2
How good are Thinkpads? I'm looking to getting 2nd hand ones. For my university studies.,https://www.reddit.com/r/laptops/comments/1qtv3rl/how_good_are_thinkpads_im_looking_to_getting_2nd/,76cfa535dcc4
Suggest me laptop,https://www.reddit.com/r/laptops/comments/1qtv3p9/suggest_me_laptop/,7d42d23f60b0
My laptop was restarting by itself suddenly...And i expect not to repeat the same condition with another laptop,https://www.reddit.com/r/laptops/comments/1qtuykn/my_laptop_was_restarting_by_itself_suddenlyand_i/,e5fcaa7c190b
Warranty related issues,https://www.reddit.com/r/techsupport/comments/1qtw4zs/warranty_related_issues/,406716886ed9
"[Amazon] acer Aspire Laptop with Microsoft Office, Intel 13th 10-Core Core i5-1334U, 15.3"" WUXGA(1920 x 1200) Display, 16GB DDR5 RAM, 256GB Storage(w/128GB External), HDMI, USB, Wi-Fi 6, Bluetooth, Windows 11 with $200 off for $499",https://www.reddit.com/r/LaptopDeals/comments/1qtxm5d/amazon_acer_aspire_laptop_with_microsoft_office/,2e1047371402
Buy new laptop and store it for a year before using it?,https://www.reddit.com/r/laptops/comments/1qtx4kg/buy_new_laptop_and_store_it_for_a_year_before/,cdd6d20ee1c5
Looking for experienced people who deal with laptops for advice. Contact me and lmk if your down to help.,https://www.reddit.com/r/laptops/comments/1qtxl4v/looking_for_experienced_people_who_deal_with/,dade74146e8b
Suggest any laptop,https://www.reddit.com/r/laptops/comments/1qtxjx4/suggest_any_laptop/,088ab6201413
"[Walmart] ASUS Vivobook S 14 Laptop: 14"" WUXGA FHD+ OLED 600nits Display, Intel Ultra 7 258V, IntelÂ® Arcâ„¢ Graphics, 32GB RAM, 1TB SSD, 16hr Battery Life. For Only: $899 After $300 Off",https://www.reddit.com/r/LaptopDeals/comments/1qty0hk/walmart_asus_vivobook_s_14_laptop_14_wuxga_fhd/,2c1a62cbd740
will my laptop expload by any chances?,https://www.reddit.com/r/laptops/comments/1qtyr4e/will_my_laptop_expload_by_any_chances/,56ecf724ac04
"Recommend a Laptop Under $1000, US",https://www.reddit.com/r/SuggestALaptop/comments/1qu1koy/recommend_a_laptop_under_1000_us/,6fc112f4a20e
Need a Laptop for College,https://www.reddit.com/r/laptops/comments/1qu134t/need_a_laptop_for_college/,4a362f271be7
laptop storage,https://www.reddit.com/r/laptops/comments/1qu1s2p/laptop_storage/,e57d680b5e97
Need a low cost laptop for my 15 year old for HS,https://www.reddit.com/r/laptops/comments/1qu0q7v/need_a_low_cost_laptop_for_my_15_year_old_for_hs/,660faf7af276
Silent home office laptop recommendation with travel in mind - looking for suggestions.,https://www.reddit.com/r/SuggestALaptop/comments/1qu8x3w/silent_home_office_laptop_recommendation_with/,80dd3c755eb6
Looking for help picking a new laptop for school,https://www.reddit.com/r/SuggestALaptop/comments/1qu6xb3/looking_for_help_picking_a_new_laptop_for_school/,747230b3fce1
Suggest me a laptop please!,https://www.reddit.com/r/SuggestALaptop/comments/1qu6tny/suggest_me_a_laptop_please/,92e1bb77c9f9
Looking for laptop.,https://www.reddit.com/r/SuggestALaptop/comments/1qubiul/looking_for_laptop/,9d5259529f82
Not sure if I should keep my new laptop,https://www.reddit.com/r/SuggestALaptop/comments/1qubgvo/not_sure_if_i_should_keep_my_new_laptop/,37d36b7f9c04
Looking for a 14 inch laptop under $800 USD,https://www.reddit.com/r/SuggestALaptop/comments/1qubegr/looking_for_a_14_inch_laptop_under_800_usd/,2118296e4d54
Laptop recommendations for uni,https://www.reddit.com/r/SuggestALaptop/comments/1qu9vn9/laptop_recommendations_for_uni/,cf033b4dacfd
Is there a better deal than this one or is this a good choice?,https://www.reddit.com/r/SuggestALaptop/comments/1qu3b8q/is_there_a_better_deal_than_this_one_or_is_this_a/,e07ee1e481bb
Non-gaming laptop to replace heavy gaming laptop - UK <Â£1k (if possible),https://www.reddit.com/r/SuggestALaptop/comments/1qu8lui/nongaming_laptop_to_replace_heavy_gaming_laptop/,4e3e7d269921
Laptop under $1500 in US,https://www.reddit.com/r/SuggestALaptop/comments/1qu74pa/laptop_under_1500_in_us/,a82ffe59c12c
Durable 2-in-1 laptop needed for college teacher,https://www.reddit.com/r/SuggestALaptop/comments/1qu3viv/durable_2in1_laptop_needed_for_college_teacher/,2bde25395065
Looking for a replacement for my Chromebook,https://www.reddit.com/r/SuggestALaptop/comments/1qu35ek/looking_for_a_replacement_for_my_chromebook/,e838daa282ab
"[Amazon] Dell 14 Plus Laptop DB14250 Laptop - 14"" 16:10 2.5K (2560x1600) Display, Intel Core Ultra 7-258V, 32GB LPDDR5X RAM, 1TB SSD, Arc Graphics. Now; $779.98 After 14% Off",https://www.reddit.com/r/LaptopDeals/comments/1quac87/amazon_dell_14_plus_laptop_db14250_laptop_14_1610/,43407ab70747
Not sure if I should keep my new laptop,https://www.reddit.com/r/laptops/comments/1qubhp2/not_sure_if_i_should_keep_my_new_laptop/,cd87a85f6716
Laptop for blender and art,https://www.reddit.com/r/laptops/comments/1qubhlu/laptop_for_blender_and_art/,78743ad2d2a4
Do I have ti buy a new battery ?,https://www.reddit.com/r/laptops/comments/1qu527e/do_i_have_ti_buy_a_new_battery/,1216abc83a42
Good laptop or no?,https://www.reddit.com/r/laptops/comments/1quavm7/good_laptop_or_no/,670a6c409bd2
best laptop,https://www.reddit.com/r/laptops/comments/1qu988u/best_laptop/,8a7d631a754f
Laptop has no storage despite being wiped and cannot update,https://www.reddit.com/r/laptops/comments/1qu85te/laptop_has_no_storage_despite_being_wiped_and/,05a27484bbd2
Need New Laptop for School/Personal Use,https://www.reddit.com/r/SuggestALaptop/comments/1quf4v1/need_new_laptop_for_schoolpersonal_use/,eb3ae4104ca0
Need help choosing OLED Display Laptop,https://www.reddit.com/r/SuggestALaptop/comments/1queq30/need_help_choosing_oled_display_laptop/,bf3d9f4d69fc
"Looking laptop for home office, consideration for travelling",https://www.reddit.com/r/SuggestALaptop/comments/1qudtjb/looking_laptop_for_home_office_consideration_for/,886f867ea8c0
Question about how to buy,https://www.reddit.com/r/laptops/comments/1qufca1/question_about_how_to_buy/,ee290130dda0
They recommend buying the ASUS Vivobook Go 14 Intel By 360 USD?,https://www.reddit.com/r/laptops/comments/1qudosv/they_recommend_buying_the_asus_vivobook_go_14/,fe3bb9a257d1
risks of buying ebay laptops?,https://www.reddit.com/r/laptops/comments/1qufj68/risks_of_buying_ebay_laptops/,211e9a96fa51
Laptop Recommendations?,https://www.reddit.com/r/laptops/comments/1quf5t0/laptop_recommendations/,f494e47982ab
"Want to buy a laptop, confused on configurations.",https://www.reddit.com/r/laptops/comments/1quesm0/want_to_buy_a_laptop_confused_on_configurations/,8e49f775c31f
Looking for a new laptop.,https://www.reddit.com/r/laptops/comments/1qudpdh/looking_for_a_new_laptop/,f78db52fe414
Looking to buy my first laptop,https://www.reddit.com/r/SuggestALaptop/comments/1quhw4q/looking_to_buy_my_first_laptop/,a575e780076f
Need a laptop used exclusively for streaming Netflix/YouTube/etc. (1 gig DL speeds) to TV via HDMI cable controlled w/Bluetooth mouse/KB.,https://www.reddit.com/r/SuggestALaptop/comments/1qufx6d/need_a_laptop_used_exclusively_for_streaming/,0e4c460eb019
Where to buy Refurbished/Used gaming laptops,https://www.reddit.com/r/SuggestALaptop/comments/1qufrk3/where_to_buy_refurbishedused_gaming_laptops/,bd091969152a
Laptop request for a student,https://www.reddit.com/r/SuggestALaptop/comments/1qudlp0/laptop_request_for_a_student/,f42f33697126
Laptop recommendations please!,https://www.reddit.com/r/laptops/comments/1qug4jn/laptop_recommendations_please/,4a0e41ea0c6f
"Looking to build PC with a $3,000-$4,000 budget, I don't know anything about PC's as I have been using a laptop as my main machine",https://www.reddit.com/r/buildapcforme/comments/1quhx3q/looking_to_build_pc_with_a_30004000_budget_i_dont/,f7844db9efeb
