Topic,Title,Link,Published_Time,Unique_ID
SuggestALaptop,üìåUser Reviews of LG New AI Laptops (LG gram Pro 16 16Z90TS-G.AUG9U1 & LG Gram Pro 17Z90TP-G.ADB7U1)- See what these users have to say about these two laptops ahead of their official launch on the market üìå,https://www.reddit.com/r/SuggestALaptop/comments/1jiuyv9/user_reviews_of_lg_new_ai_laptops_lg_gram_pro_16/,2025-03-24T16:32:14+00:00,cf74664876f9
SuggestALaptop,Ignore Private Messages Suggesting Laptops,https://www.reddit.com/r/SuggestALaptop/comments/g94qma/ignore_private_messages_suggesting_laptops/,2020-04-27T17:06:12+00:00,24f7b56b48c2
SuggestALaptop,"Looking for budget refurbished, either $250ish range or $450ish",https://www.reddit.com/r/SuggestALaptop/comments/1qpevnz/looking_for_budget_refurbished_either_250ish/,2026-01-28T15:45:45+00:00,8c52430a8b95
SuggestALaptop,Need buying advice,https://www.reddit.com/r/SuggestALaptop/comments/1qpdtta/need_buying_advice/,2026-01-28T15:06:37+00:00,87303024cf35
SuggestALaptop,NEED a specific laptop,https://www.reddit.com/r/SuggestALaptop/comments/1qpdlx0/need_a_specific_laptop/,2026-01-28T14:58:34+00:00,d3afe1e2dc1c
SuggestALaptop,New laptop,https://www.reddit.com/r/SuggestALaptop/comments/1qpcynb/new_laptop/,2026-01-28T14:33:33+00:00,cc14c4d5b02f
SuggestALaptop,Laptop suggestion,https://www.reddit.com/r/SuggestALaptop/comments/1qpbvrq/laptop_suggestion/,2026-01-28T13:50:51+00:00,af954c648821
SuggestALaptop,MacBook Air or MacBook Pro for Computer Science student?,https://www.reddit.com/r/SuggestALaptop/comments/1qpbhek/macbook_air_or_macbook_pro_for_computer_science/,2026-01-28T13:34:12+00:00,e3c411b64b25
SuggestALaptop,Im completely lost,https://www.reddit.com/r/SuggestALaptop/comments/1qpasfl/im_completely_lost/,2026-01-28T13:04:14+00:00,b6c9780370fc
SuggestALaptop,Which laptop should I get for light gaming and university?,https://www.reddit.com/r/SuggestALaptop/comments/1qp9ba0/which_laptop_should_i_get_for_light_gaming_and/,2026-01-28T11:53:21+00:00,025b7cc4df50
SuggestALaptop,New Laptop Help,https://www.reddit.com/r/SuggestALaptop/comments/1qp18jr/new_laptop_help/,2026-01-28T04:21:24+00:00,ee1a8b5d3f16
SuggestALaptop,School/Entertainment Laptop,https://www.reddit.com/r/SuggestALaptop/comments/1qos3v0/schoolentertainment_laptop/,2026-01-27T22:00:34+00:00,577015004808
SuggestALaptop,I need to know the absolute best Laptop for the future,https://www.reddit.com/r/SuggestALaptop/comments/1qoui96/i_need_to_know_the_absolute_best_laptop_for_the/,2026-01-27T23:32:20+00:00,a6a26310ec2e
SuggestALaptop,Need A Hobbiest Laptop Recommendation Please?,https://www.reddit.com/r/SuggestALaptop/comments/1qoyapy/need_a_hobbiest_laptop_recommendation_please/,2026-01-28T02:10:59+00:00,dde91e024523
SuggestALaptop,"[Poland] 8,000 - 11,000 PLN - Professional Architect looking for a workstation to replace old Dell Precision 7510",https://www.reddit.com/r/SuggestALaptop/comments/1qosime/poland_8000_11000_pln_professional_architect/,2026-01-27T22:15:34+00:00,c2fecfc32994
SuggestALaptop,Basic laptop (U.S.),https://www.reddit.com/r/SuggestALaptop/comments/1qot4eu/basic_laptop_us/,2026-01-27T22:38:39+00:00,92099f3ea0fc
SuggestALaptop,Laptop under $750 USD,https://www.reddit.com/r/SuggestALaptop/comments/1qoryfj/laptop_under_750_usd/,2026-01-27T21:55:07+00:00,4ae901fa1270
SuggestALaptop,Need a Laptop,https://www.reddit.com/r/SuggestALaptop/comments/1qokezy/need_a_laptop/,2026-01-27T17:30:38+00:00,c654742fbb96
SuggestALaptop,"Looking for a casual use laptop, that can handle a little bit of Adobe, and can survive a clumsy owner",https://www.reddit.com/r/SuggestALaptop/comments/1qoon8n/looking_for_a_casual_use_laptop_that_can_handle_a/,2026-01-27T19:56:29+00:00,57bbe789a818
SuggestALaptop,Help finding a laptop to finish my PhD on,https://www.reddit.com/r/SuggestALaptop/comments/1qohpbz/help_finding_a_laptop_to_finish_my_phd_on/,2026-01-27T15:56:37+00:00,2850705058a1
SuggestALaptop,Photo and video editing US budget ~ $1500,https://www.reddit.com/r/SuggestALaptop/comments/1qon5qe/photo_and_video_editing_us_budget_1500/,2026-01-27T19:04:22+00:00,06c5554ece42
SuggestALaptop,Windows for creative software in college.,https://www.reddit.com/r/SuggestALaptop/comments/1qom313/windows_for_creative_software_in_college/,2026-01-27T18:27:28+00:00,5ad96cbc3ce4
SuggestALaptop,"7 yr old matebook died and i'm overwhelmed ($1400, US)",https://www.reddit.com/r/SuggestALaptop/comments/1qol565/7_yr_old_matebook_died_and_im_overwhelmed_1400_us/,2026-01-27T17:55:38+00:00,f7c607a7052b
SuggestALaptop,looking for a laptop recommendation,https://www.reddit.com/r/SuggestALaptop/comments/1qoarkp/looking_for_a_laptop_recommendation/,2026-01-27T10:58:31+00:00,dcb8952164c0
SuggestALaptop,Which one os theses is the best?,https://www.reddit.com/r/SuggestALaptop/comments/1qoip3x/which_one_os_theses_is_the_best/,2026-01-27T16:31:41+00:00,72bedc1e6228
LaptopDeals,üî•üõí‚ú®List of Gaming/High Performance Lenovo Legion & LOQ laptops currently on sale using üè∑Ô∏ècoupon code GAMINGDEALS; See these FOUR deals in one place with ANSWERS to all Questions ASKED about them so far‚ÄºÔ∏è,https://www.reddit.com/r/LaptopDeals/comments/1qmo3yo/list_of_gaminghigh_performance_lenovo_legion_loq/,2026-01-25T16:42:48+00:00,80f17228d514
LaptopDeals,"üìå‚ú®üíª r/LaptopDeals Official Weekly Request Thread; Post all your requests for Laptop suggestions in this thread instead of on the general front page of the sub. Our knowledgeable mods and other laptop enthusiasts , will be sure to assist you. See request guidelines below.",https://www.reddit.com/r/LaptopDeals/comments/1q9zyol/rlaptopdeals_official_weekly_request_thread_post/,2026-01-11T13:57:25+00:00,518baf102fad
LaptopDeals,"[Lenovo] Lenovo Yoga 7 2-in-1: 14"" 1200p OLED‚ú® display , AMD Ryzen AI 5 340 CPU, 16GB RAM, 1TB SSD with 51% off using code YOGAJANFUN, for $550",https://www.reddit.com/r/LaptopDeals/comments/1qpamz2/lenovo_lenovo_yoga_7_2in1_14_1200p_oled_display/,2026-01-28T12:57:37+00:00,8dc7d50e1e85
LaptopDeals,"[eBay] Cert. Refurbished Acer Predator Helios Neo 16S AI Gaming Laptop: 16"" (2560 x 1600) OLED 240Hz Display, Intel Core Ultra 9 Series 2, NVIDIA GeForce RTX 5070Ti, 32GB RAM, 1TB SSD. Now: $1,315.94 After 31% Off #ad",https://www.reddit.com/r/LaptopDeals/comments/1qp6fpm/ebay_cert_refurbished_acer_predator_helios_neo/,2026-01-28T09:07:10+00:00,e96728952020
LaptopDeals,"[eBay] Lenovo IdeaPad 5 2-in-1 Laptop: 14"" (1920 x 1200) Touch Display, AMD Ryzen AI 5 340, Integrated AMD Radeon 840M Graphics, 16GB DDR5 RAM, 1TB SSD, Windows 11 Home, Now: $494 After 38% Off #ad",https://www.reddit.com/r/LaptopDeals/comments/1qp8ivh/ebay_lenovo_ideapad_5_2in1_laptop_14_1920_x_1200/,2026-01-28T11:11:11+00:00,0bf8cd9055ce
LaptopDeals,"[eBay] Certified Refurbished Acer Swift Go Laptop: 14"" (1920x1200) Touchscreen Display, Intel Core Ultra 7 155H, ARC Graphics, 16GB RAM, 1TB SSD, Now: $501.26 After 50% Off #ad",https://www.reddit.com/r/LaptopDeals/comments/1qp6apx/ebay_certified_refurbished_acer_swift_go_laptop/,2026-01-28T08:58:51+00:00,35b123587ed8
LaptopDeals,"[eBay] Lenovo LOQ Gaming Laptop: 15.6"" IPS LCD FHD 144Hz Display, 16GB RAM 512GB SSD, AMD Ryzen 7 250, NVIDIA GeForce RTX 5060, Luna Grey. Now: $869.99 After 24% Off #ad",https://www.reddit.com/r/LaptopDeals/comments/1qoifp2/ebay_lenovo_loq_gaming_laptop_156_ips_lcd_fhd/,2026-01-27T16:22:28+00:00,e28b89d747b4
LaptopDeals,"[Walmart] ASUS VivoBook Laptop: 15.6‚Äù FHD IPS Display, Intel Core 5 120U, Intel¬Æ Graphics, 16GB RAM, 512GB SSD. Now: $399 After $100 Off",https://www.reddit.com/r/LaptopDeals/comments/1qoif13/walmart_asus_vivobook_laptop_156_fhd_ips_display/,2026-01-27T16:21:49+00:00,2a59555fa2bd
LaptopDeals,"[Amazon] Acer Aspire 14 AI Copilot+ PC | 14"" WUXGA Display | Intel Core Ultra 7 Processor 256V | NPU: Up to 47 Tops - GPU: Up to 64 Tops | Intel ARC 140V | 16GB RAM | 1TB SSD | Wi-Fi 6E | Now: $669 After 32% Off",https://www.reddit.com/r/LaptopDeals/comments/1qoigcx/amazon_acer_aspire_14_ai_copilot_pc_14_wuxga/,2026-01-27T16:23:08+00:00,33a501cbdff5
LaptopDeals,"[Walmart] ASUS Vivobook S 14 Laptop: 14"" WUXGA FHD+ OLED 600nits Display, Intel Ultra 7 258V, Intel¬Æ Arc‚Ñ¢ Graphics, 32GB RAM, 1TB SSD, 16hr Battery Life. For Only: $899 After $300 Off",https://www.reddit.com/r/LaptopDeals/comments/1qnyuud/walmart_asus_vivobook_s_14_laptop_14_wuxga_fhd/,2026-01-27T00:51:26+00:00,3d034c63856c
LaptopDeals,"[BestBuy] Lenovo Legion Pro 7i Gaming Laptop (Open-Box): 16‚Ä≥ 2.5K 240Hz OLED Display, Intel Ultra 9 275HX, NVIDIA GeForce RTX 5080, 32GB DDR5 RAM, 1TB SSD. Now: $1,915.99 After 26% Off",https://www.reddit.com/r/LaptopDeals/comments/1qnii9l/bestbuy_lenovo_legion_pro_7i_gaming_laptop/,2026-01-26T15:06:52+00:00,bcea78277516
LaptopDeals,"[BestBuy] ASUS TUF F16 Gaming Laptop (Open-Box): 16"" FHD+ 165Hz IPS Display, Intel i7-14650HX, RTX 5060, 32GB DDR5 RAM, 1TB SSD. Now: $855.99 After 34% Off",https://www.reddit.com/r/LaptopDeals/comments/1qninz4/bestbuy_asus_tuf_f16_gaming_laptop_openbox_16_fhd/,2026-01-26T15:12:40+00:00,7cc5685b398f
LaptopDeals,"[eBay] Acer Predator Helios Neo 16S AI Gaming Laptop: 16"" (2560 x 1600) OLED 240Hz Display, Intel Core Ultra 9 Series 2, NVIDIA GeForce RTX 5070Ti, 32GB RAM, 1TB SSD. Now: $1,699.99 After 11% Off #ad",https://www.reddit.com/r/LaptopDeals/comments/1qnhkrb/ebay_acer_predator_helios_neo_16s_ai_gaming/,2026-01-26T14:31:41+00:00,81542a7b8c2d
LaptopDeals,"[eBay] ASUS TUF F16 Gaming Laptop (2025): 16"" (1920 x 1200) 165Hz Display, Intel Core i7-14650HX, NVIDIA RTX 5060, 32GB DDR5 RAM, 1TB SSD. Now: $1,299.99 After 16% Off #ad",https://www.reddit.com/r/LaptopDeals/comments/1qnhosr/ebay_asus_tuf_f16_gaming_laptop_2025_16_1920_x/,2026-01-26T14:36:03+00:00,d9a50d33664a
LaptopDeals,"[eBay] ASUS Vivobook 16 Laptop - 16"" (1920 x 1200) WUXGA FHD+ IPS 300 nits Display, Copilot+ PC, AMD Ryzen AI 5 330, AMD Radeon Graphics, 16GB RAM, 512GB SSD, Quiet Blue. Now: $549.99 After 27% Off #ad",https://www.reddit.com/r/LaptopDeals/comments/1qnhr2c/ebay_asus_vivobook_16_laptop_16_1920_x_1200_wuxga/,2026-01-26T14:38:31+00:00,9f93cf7163d6
LaptopDeals,"[eBay] Samsung Galaxy Book4 Laptop: 15.6"" FHD (1920 x 1080) 16:9, 60Hz, 300-nits, Anti-glare, IPS Display, Intel Core i7 150U, Integrated Intel Iris Xe Graphics G7, 16GB RAM, 512GB SSD. Now: $599.99 After 33% Off + Free Shipping #ad",https://www.reddit.com/r/LaptopDeals/comments/1qnhpol/ebay_samsung_galaxy_book4_laptop_156_fhd_1920_x/,2026-01-26T14:37:00+00:00,ccd793fbf230
LaptopDeals,"[eBay] ASUS ROG Strix G16 Gaming Laptop: 16"" QHD+ 240Hz IPS 500nits Display, Ryzen 9 9955HX, RTX 5070 Ti, 32GB DDR5 RAM, 1TB SSD. Now: $1,849.99 After 22% Off #ad",https://www.reddit.com/r/LaptopDeals/comments/1qnhjnk/ebay_asus_rog_strix_g16_gaming_laptop_16_qhd/,2026-01-26T14:30:29+00:00,66a94f5fa00e
LaptopDeals,"[Newegg] Lenovo Legion 5i Gaming Laptop: 15.1"" WQXGA (2560 x 1600) OLED 165Hz, Intel i7-14700HX, RTX 5060, 16GB DDR5, 512GB SSD - for $999.99 after 23% off / Only 11 left!",https://www.reddit.com/r/LaptopDeals/comments/1qn5v12/newegg_lenovo_legion_5i_gaming_laptop_151_wqxga/,2026-01-26T04:18:51+00:00,5de150856818
LaptopDeals,"[Walmart] HP OmniBook 5 AI PC Laptop: 16"" (1920 x 1200) 2K Touch Display, Intel Core Ultra 7 255U, Intel Graphics, 16GB RAM, 1TB SSD, Glacier Silver, Now: $599 After $390 Off",https://www.reddit.com/r/LaptopDeals/comments/1qn5129/walmart_hp_omnibook_5_ai_pc_laptop_16_1920_x_1200/,2026-01-26T03:40:21+00:00,cf0095180ebb
LaptopDeals,"[Walmart] ASUS Vivobook Laptop: 16"" WUXGA (1920 x 1200) Display, Intel Core i7-1355U, Integrated Intel Iris Xe Graphics, 16GB RAM, 512GB SSD Black. Now: $489.99 After $160 Off",https://www.reddit.com/r/LaptopDeals/comments/1qmkm7z/walmart_asus_vivobook_laptop_16_wuxga_1920_x_1200/,2026-01-25T14:32:21+00:00,c68d8f1fcf1d
LaptopDeals,"[Amazon] ASUS Vivobook S 14 Laptop: 14‚Äù 3K (2880 x 1800) 600nits, 100% DCI-P3, 120Hz Display, AMD Ryzen AI 9 365 (10 Cores), AMD Radeon Graphics, 24GB RAM, 1TB SSD, Customizable RGB Keyboard, Cool Silver, Now: $1,136 After 10% Off",https://www.reddit.com/r/LaptopDeals/comments/1qmkmrx/amazon_asus_vivobook_s_14_laptop_14_3k_2880_x/,2026-01-25T14:33:01+00:00,7db3d2b854f6
LaptopDeals,"[eBay] ASUS ROG Strix G16 Gaming Laptop (2025): 16"" (1920 x 1200) 165Hz Display, AMD Ryzen 9 8940HX, NVIDIA RTX 5070 Ti, 16GB DDR5-5600 RAM, 1TB SSD. Now: $1,599.99 After 20% Off #ad",https://www.reddit.com/r/LaptopDeals/comments/1qml0sf/ebay_asus_rog_strix_g16_gaming_laptop_2025_16/,2026-01-25T14:48:40+00:00,a27b49ccb06c
LaptopDeals,"[eBay] HP OmniBook X AI 14-fe0013dx Laptop (Cert. Refurbished): 14"", 2.2K (2240 x 1400) 16:10, 300-nits, Multitouch IPS Display, Snapdragon X1E-78-100 Processor, Qualcomm Adreno Graphics, 16GB RAM, 1TB SSD. Now: $539 After 43% Off #ad",https://www.reddit.com/r/LaptopDeals/comments/1qml1cy/ebay_hp_omnibook_x_ai_14fe0013dx_laptop_cert/,2026-01-25T14:49:17+00:00,71c765d059ec
LaptopDeals,"[Amazon] Samsung 15.6‚Äù Galaxy Book5 360 Copilot AI Laptop PC Computer, FHD AMOLED Touchscreen Display, 16GB RAM / 512GB SSD, Dolby Atmos Quad Speakers, All-Day Battery Life, NP750QHA-KA1US. Now: $938.77 After 30% Off",https://www.reddit.com/r/LaptopDeals/comments/1qmkhlz/amazon_samsung_156_galaxy_book5_360_copilot_ai/,2026-01-25T14:27:06+00:00,422741a9ea38
LaptopDeals,"[Lenovo] Lenovo Legion 5i Gen 10 Gaming Laptop: 15.1"" WQXGA (2560 x 1600), OLED, 100%DCI-P3, 500 nits, 165Hz Display, Intel¬Æ Core‚Ñ¢ Ultra 7 255HX Processor, NVIDIA¬Æ GeForce RTX‚Ñ¢ 5070 Laptop, 16GB RAM, 1TB SSD. Now: $1,259 After 36% Off & using coupon ""GAMINGDEALS"" + Free Shipping.",https://www.reddit.com/r/LaptopDeals/comments/1qlo7es/lenovo_lenovo_legion_5i_gen_10_gaming_laptop_151/,2026-01-24T14:21:09+00:00,5f3f1428d154
laptops,/r/SuggestALaptop's Official Discord - feel free to join and ask questions!,https://www.reddit.com/r/laptops/comments/7eon9l/rsuggestalaptops_official_discord_feel_free_to/,2017-11-22T05:50:30+00:00,0e30b9c0112e
laptops,LAPTOP BRAND SUGGESTIONS,https://www.reddit.com/r/laptops/comments/1qpd52o/laptop_brand_suggestions/,2026-01-28T14:40:28+00:00,790a6f251854
laptops,"Intel Panther Lake battery life proves to be strong in new benchmarks, as AMD laptops fall further behind",https://www.reddit.com/r/laptops/comments/1qp7x3x/intel_panther_lake_battery_life_proves_to_be/,2026-01-28T10:37:11+00:00,012ee85f75fe
laptops,"Bro, is it normal for them to be different?",https://www.reddit.com/r/laptops/comments/1qpeua1/bro_is_it_normal_for_them_to_be_different/,2026-01-28T15:44:22+00:00,f418774717ab
laptops,This is a Reminder to not smoke Arround your Laptops,https://www.reddit.com/r/laptops/comments/1qopc9q/this_is_a_reminder_to_not_smoke_arround_your/,2026-01-27T20:20:50+00:00,44811b44cfe4
laptops,Laptop Recommendations For My University,https://www.reddit.com/r/laptops/comments/1qp849f/laptop_recommendations_for_my_university/,2026-01-28T10:48:33+00:00,8230500ff626
laptops,Should i just throw my laptop away. What the fuck can this piece of shit even run at this point?,https://www.reddit.com/r/laptops/comments/1qpdvks/should_i_just_throw_my_laptop_away_what_the_fuck/,2026-01-28T15:08:25+00:00,f3f6bfbe6829
laptops,recently got my laptop repaired (keyboard change) from the acer service and this appeared,https://www.reddit.com/r/laptops/comments/1qog5a0/recently_got_my_laptop_repaired_keyboard_change/,2026-01-27T14:59:45+00:00,89749239b66a
laptops,Is it fixable ?,https://www.reddit.com/r/laptops/comments/1qpfrog/is_it_fixable/,2026-01-28T16:17:03+00:00,e6e6c2a89901
laptops,"Found a Cheap HP EliteBook 845 G11, Am I Missing Something?",https://www.reddit.com/r/laptops/comments/1qpf23g/found_a_cheap_hp_elitebook_845_g11_am_i_missing/,2026-01-28T15:52:16+00:00,4aeb7a93cff8
laptops,is this damage negligible?,https://www.reddit.com/r/laptops/comments/1qp8uoh/is_this_damage_negligible/,2026-01-28T11:29:06+00:00,34ee81e8ff53
laptops,Planning to repaste my 4 y/o laptop,https://www.reddit.com/r/laptops/comments/1qpc0va/planning_to_repaste_my_4_yo_laptop/,2026-01-28T13:56:43+00:00,4f2490f92d5b
laptops,Fan,https://www.reddit.com/r/laptops/comments/1qox7vj/fan/,2026-01-28T01:24:28+00:00,c1ea43c9dd42
laptops,Does this Worth?,https://www.reddit.com/r/laptops/comments/1qpgc4i/does_this_worth/,2026-01-28T16:37:02+00:00,cadfb8e88b78
laptops,Laptop suggestions,https://www.reddit.com/r/laptops/comments/1qpg7qw/laptop_suggestions/,2026-01-28T16:32:46+00:00,7b4c2f49f90e
laptops,Help !!,https://www.reddit.com/r/laptops/comments/1qpg74x/help/,2026-01-28T16:32:10+00:00,f0ffed236c59
laptops,Laptop Opinion,https://www.reddit.com/r/laptops/comments/1qpg25b/laptop_opinion/,2026-01-28T16:27:24+00:00,f3a26771218e
laptops,Deal?,https://www.reddit.com/r/laptops/comments/1qpfyng/deal/,2026-01-28T16:24:00+00:00,da3ff3b23283
laptops,Should I upgrade,https://www.reddit.com/r/laptops/comments/1qpfckw/should_i_upgrade/,2026-01-28T16:02:12+00:00,76abd033176a
laptops,Modern laptops w/ built-in dvd/cd drives.,https://www.reddit.com/r/laptops/comments/1qp1o4v/modern_laptops_w_builtin_dvdcd_drives/,2026-01-28T04:42:11+00:00,7668100e2fbb
laptops,"Display seemed off, realized there is also a damage near the hinge area. PFA pics.",https://www.reddit.com/r/laptops/comments/1qpf53w/display_seemed_off_realized_there_is_also_a/,2026-01-28T15:55:16+00:00,1ce595542543
laptops,Thinking of buying this. Anything obviously better? (UK),https://www.reddit.com/r/laptops/comments/1qpf4q0/thinking_of_buying_this_anything_obviously_better/,2026-01-28T15:54:54+00:00,fe23f4cce051
laptops,New work laptop suggestions,https://www.reddit.com/r/laptops/comments/1qpf3zf/new_work_laptop_suggestions/,2026-01-28T15:54:12+00:00,a5661c9d9ea9
laptops,What should I buy,https://www.reddit.com/r/laptops/comments/1qpestq/what_should_i_buy/,2026-01-28T15:42:56+00:00,19c8db0be814
laptops,"Long term laptop users, are the fans running fine after like 5 years?",https://www.reddit.com/r/laptops/comments/1qpelo2/long_term_laptop_users_are_the_fans_running_fine/,2026-01-28T15:35:35+00:00,0748bb1def9e
buildapcforme,üçÇAutumn 2025 PC Best Buy Guide üçÇ,https://www.reddit.com/r/buildapcforme/comments/1nv81pb/autumn_2025_pc_best_buy_guide/,2025-10-01T13:21:38+00:00,378656ad8144
buildapcforme,Is your new PC not working? Here's a flowchart on how to fix it.,https://www.reddit.com/r/buildapcforme/comments/1hfm6w2/is_your_new_pc_not_working_heres_a_flowchart_on/,2024-12-16T15:55:20+00:00,199f689d2f77
buildapcforme,4K@120hz gaming rig + workstation,https://www.reddit.com/r/buildapcforme/comments/1qpg2e8/4k120hz_gaming_rig_workstation/,2026-01-28T16:27:39+00:00,3aa800e39984
buildapcforme,Looking for a pc for around 500-600 dollars,https://www.reddit.com/r/buildapcforme/comments/1qpfbaj/looking_for_a_pc_for_around_500600_dollars/,2026-01-28T16:01:03+00:00,8692a951410e
buildapcforme,"Help! cold boot no display, restart fixes it (Ryzen 5600 / RTX 3060 / MSI B550M)",https://www.reddit.com/r/buildapcforme/comments/1qpdamm/help_cold_boot_no_display_restart_fixes_it_ryzen/,2026-01-28T14:46:19+00:00,8a3be3ddfb4d
buildapcforme,should i build a full black or full white pc,https://www.reddit.com/r/buildapcforme/comments/1qpcf4i/should_i_build_a_full_black_or_full_white_pc/,2026-01-28T14:12:27+00:00,efddbd59b81f
buildapcforme,Upgrade PC for editing,https://www.reddit.com/r/buildapcforme/comments/1qpb3qb/upgrade_pc_for_editing/,2026-01-28T13:18:18+00:00,ba8dee351729
buildapcforme,I'm new to everything about PCs and I need help building one pleaseeüôèüèæüôèüèæ,https://www.reddit.com/r/buildapcforme/comments/1qp6cxr/im_new_to_everything_about_pcs_and_i_need_help/,2026-01-28T09:02:23+00:00,3a5d05f6359d
buildapcforme,(EU) Two School PC Builds Needed (‚Ç¨800 & ‚Ç¨950) for Coding & VMs,https://www.reddit.com/r/buildapcforme/comments/1qp9863/eu_two_school_pc_builds_needed_800_950_for_coding/,2026-01-28T11:48:59+00:00,3a9ba6930d44
buildapcforme,500$ Budget upgrade of 10 year old computer,https://www.reddit.com/r/buildapcforme/comments/1qp0qn4/500_budget_upgrade_of_10_year_old_computer/,2026-01-28T03:58:24+00:00,25d80dc5f787
buildapcforme,[Australia] New PC Build For ~$2500AUD,https://www.reddit.com/r/buildapcforme/comments/1qp8oil/australia_new_pc_build_for_2500aud/,2026-01-28T11:19:35+00:00,26508fa1c539
buildapcforme,A PC for Digital Art,https://www.reddit.com/r/buildapcforme/comments/1qp8mcw/a_pc_for_digital_art/,2026-01-28T11:16:21+00:00,7ce452bc2010
buildapcforme,aesthetic mid tier pc help,https://www.reddit.com/r/buildapcforme/comments/1qp8fil/aesthetic_mid_tier_pc_help/,2026-01-28T11:06:17+00:00,5dd04229a7e6
buildapcforme,New 3440 x 1440p build,https://www.reddit.com/r/buildapcforme/comments/1qp89ia/new_3440_x_1440p_build/,2026-01-28T10:56:54+00:00,5b3dc61b4562
buildapcforme,hello guys im planning for a pc new build and finland eu,https://www.reddit.com/r/buildapcforme/comments/1qp78kf/hello_guys_im_planning_for_a_pc_new_build_and/,2026-01-28T09:57:15+00:00,be3a08a6d9a5
buildapcforme,First EVER Build!,https://www.reddit.com/r/buildapcforme/comments/1qp6t5f/first_ever_build/,2026-01-28T09:30:37+00:00,e89528a7b299
buildapcforme,Help me build my first ever pc!,https://www.reddit.com/r/buildapcforme/comments/1qp6pmf/help_me_build_my_first_ever_pc/,2026-01-28T09:24:34+00:00,9b0a057d7b9a
buildapcforme,New PC Build Budget 500-600‚Ç¨,https://www.reddit.com/r/buildapcforme/comments/1qp4ypk/new_pc_build_budget_500600/,2026-01-28T07:39:31+00:00,a9cca8534c07
buildapcforme,Building a pc,https://www.reddit.com/r/buildapcforme/comments/1qp4d55/building_a_pc/,2026-01-28T07:04:12+00:00,994c71715755
buildapcforme,New Build Request $7-8k,https://www.reddit.com/r/buildapcforme/comments/1qp48gr/new_build_request_78k/,2026-01-28T06:56:46+00:00,3734db91ba23
buildapcforme,"Requesting a clean, all white gaming build. $2000-3000",https://www.reddit.com/r/buildapcforme/comments/1qoz97w/requesting_a_clean_all_white_gaming_build_20003000/,2026-01-28T02:51:42+00:00,4affd40739ea
buildapcforme,Building my first PC after selling Xbox and PS5. Anything you‚Äôd change?,https://www.reddit.com/r/buildapcforme/comments/1qoyxot/building_my_first_pc_after_selling_xbox_and_ps5/,2026-01-28T02:38:05+00:00,0060fff881fa
buildapcforme,Looking for motherboard and cpu upgrades,https://www.reddit.com/r/buildapcforme/comments/1qp33rf/looking_for_motherboard_and_cpu_upgrades/,2026-01-28T05:54:47+00:00,ab3520ad5f19
buildapcforme,Please help me find suitable specs :),https://www.reddit.com/r/buildapcforme/comments/1qoxk26/please_help_me_find_suitable_specs/,2026-01-28T01:39:14+00:00,c1a2a5f91f80
buildapcforme,"New build to upgrade from my 2019 build | under 3,000 AUD",https://www.reddit.com/r/buildapcforme/comments/1qp1500/new_build_to_upgrade_from_my_2019_build_under/,2026-01-28T04:16:57+00:00,d9d2918b462a
studentlaptops,Laptop for Anaconda Navigator,https://www.reddit.com/r/StudentLaptops/comments/1nqgg7m/laptop_for_anaconda_navigator/,2025-09-25T19:40:21+00:00,55b642d04e9e
techsupport,Recommended wiki articles (including malware removal),https://www.reddit.com/r/techsupport/comments/oroick/recommended_wiki_articles_including_malware/,2021-07-26T01:23:10+00:00,1a5b0b04e2cf
techsupport,Elite IT management all in one for a super fast growing company,https://www.reddit.com/r/techsupport/comments/1qpaana/elite_it_management_all_in_one_for_a_super_fast/,2026-01-28T12:41:24+00:00,083210b7414f
techsupport,Windows 11 not booting after disabling BitLocker,https://www.reddit.com/r/techsupport/comments/1qpdw1l/windows_11_not_booting_after_disabling_bitlocker/,2026-01-28T15:08:55+00:00,3cf4910108b5
techsupport,PC won‚Äôt turn on after shutting off randomly,https://www.reddit.com/r/techsupport/comments/1qp9vp0/pc_wont_turn_on_after_shutting_off_randomly/,2026-01-28T12:21:15+00:00,61b1bb12a3f2
techsupport,Is there a way to Freaky Friday two laptops,https://www.reddit.com/r/techsupport/comments/1qpesea/is_there_a_way_to_freaky_friday_two_laptops/,2026-01-28T15:42:30+00:00,ee16209a8a11
techsupport,What type of usb cable is needed to charge this old camera kodak M1703is Klic- 7001 battery,https://www.reddit.com/r/techsupport/comments/1qpdhfh/what_type_of_usb_cable_is_needed_to_charge_this/,2026-01-28T14:53:42+00:00,cec9cf164163
techsupport,Exchanging platters in HDD,https://www.reddit.com/r/techsupport/comments/1qotz76/exchanging_platters_in_hdd/,2026-01-27T23:11:28+00:00,bc0afedeb35a
techsupport,"If HDD disk is in external hard drive docking station, the docking station is connected via USB 3.0 cable to a PC, power cable of the docking station is connected to power socket, and the docking station is turned off, will this state be recorded as 'Power On Hours' in SMART data or not?",https://www.reddit.com/r/techsupport/comments/1qp9p44/if_hdd_disk_is_in_external_hard_drive_docking/,2026-01-28T12:12:30+00:00,52dccbb9eb63
techsupport,Wifi help,https://www.reddit.com/r/techsupport/comments/1qp5fvg/wifi_help/,2026-01-28T08:07:23+00:00,73c119037a71
techsupport,trojan problem that im fixing,https://www.reddit.com/r/techsupport/comments/1qpc4mn/trojan_problem_that_im_fixing/,2026-01-28T14:00:53+00:00,62f96dbc074c
techsupport,Samsung Monitor Not Connecting Unless Unplugged,https://www.reddit.com/r/techsupport/comments/1qpbr3t/samsung_monitor_not_connecting_unless_unplugged/,2026-01-28T13:45:33+00:00,64163d9ddde7
techsupport,400gb of Family Archive is Missing after putting it on a laptop,https://www.reddit.com/r/techsupport/comments/1qpbr39/400gb_of_family_archive_is_missing_after_putting/,2026-01-28T13:45:32+00:00,22d7f6046e48
techsupport,USB ports and audio crackling on ASRock B550M Pro4 - power issue?,https://www.reddit.com/r/techsupport/comments/1qpgs7o/usb_ports_and_audio_crackling_on_asrock_b550m/,2026-01-28T16:52:40+00:00,9eaec98950c5
techsupport,Asus laptop battery not holding charge,https://www.reddit.com/r/techsupport/comments/1qpgokm/asus_laptop_battery_not_holding_charge/,2026-01-28T16:49:12+00:00,e1ae0c93555d
techsupport,hard drive check failed.,https://www.reddit.com/r/techsupport/comments/1qpgld6/hard_drive_check_failed/,2026-01-28T16:46:02+00:00,0fc6d05bfa7a
techsupport,WD SN810 SSD compatibility with USB-NVMe adapter,https://www.reddit.com/r/techsupport/comments/1qpgilq/wd_sn810_ssd_compatibility_with_usbnvme_adapter/,2026-01-28T16:43:18+00:00,c863dea9ea7e
techsupport,Do you know how to get accurate cover art for an MP3 collection on MacOS?,https://www.reddit.com/r/techsupport/comments/1qpgfle/do_you_know_how_to_get_accurate_cover_art_for_an/,2026-01-28T16:40:23+00:00,3e1e8c436e0b
techsupport,Prime Video alters system volume rather than the player volume.,https://www.reddit.com/r/techsupport/comments/1qpadxm/prime_video_alters_system_volume_rather_than_the/,2026-01-28T12:45:39+00:00,3690f5fbb33f
techsupport,Game crashes,https://www.reddit.com/r/techsupport/comments/1qpg63s/game_crashes/,2026-01-28T16:31:11+00:00,5bf4b90368b0
techsupport,My Lenevo Laptop won‚Äôt start/only shows a black screen when I log in,https://www.reddit.com/r/techsupport/comments/1qpg57i/my_lenevo_laptop_wont_startonly_shows_a_black/,2026-01-28T16:30:22+00:00,94447c88bda0
techsupport,I‚Äôm losing my mind,https://www.reddit.com/r/techsupport/comments/1qpg2w6/im_losing_my_mind/,2026-01-28T16:28:08+00:00,9e498a891656
techsupport,Monitor not receiving laptop signal,https://www.reddit.com/r/techsupport/comments/1qpg1yr/monitor_not_receiving_laptop_signal/,2026-01-28T16:27:12+00:00,51ff93b37523
techsupport,Gateway Laptop won't post after enabling overclocking,https://www.reddit.com/r/techsupport/comments/1qpg129/gateway_laptop_wont_post_after_enabling/,2026-01-28T16:26:18+00:00,fe68ba0b5b9f
techsupport,Laptop constantly freezing during restart,https://www.reddit.com/r/techsupport/comments/1qpfz15/laptop_constantly_freezing_during_restart/,2026-01-28T16:24:22+00:00,2bacb28bd81d
techsupport,Can't download to USB stick anymore,https://www.reddit.com/r/techsupport/comments/1qpfyht/cant_download_to_usb_stick_anymore/,2026-01-28T16:23:51+00:00,c89bd936a0fc
SuggestALaptop,Need help to find a 300-500$ CAD laptop for school,https://www.reddit.com/r/SuggestALaptop/comments/1qphbjq/need_help_to_find_a_300500_cad_laptop_for_school/,2026-01-28T17:11:13+00:00,41c10f07eea9
laptops,Is my laptop overheating?,https://www.reddit.com/r/laptops/comments/1qpdslw/is_my_laptop_overheating/,2026-01-28T15:05:22+00:00,a6f330222fd7
laptops,Can someone stalk/listen to you through your laptop? Need help ASAP,https://www.reddit.com/r/laptops/comments/1qpcud9/can_someone_stalklisten_to_you_through_your/,2026-01-28T14:28:58+00:00,e8e27363a845
laptops,Cleaned my usb port and now my laptop won‚Äôt turn on,https://www.reddit.com/r/laptops/comments/1qpi1ht/cleaned_my_usb_port_and_now_my_laptop_wont_turn_on/,2026-01-28T17:35:47+00:00,c7220ea2ae91
laptops,Blown out Power Unit chip,https://www.reddit.com/r/laptops/comments/1qphy4n/blown_out_power_unit_chip/,2026-01-28T17:32:28+00:00,82a903f46968
laptops,Need advice,https://www.reddit.com/r/laptops/comments/1qphxl7/need_advice/,2026-01-28T17:31:58+00:00,dd5b9b319a80
laptops,What Kind Of Charger Is This?,https://www.reddit.com/r/laptops/comments/1qphusp/what_kind_of_charger_is_this/,2026-01-28T17:29:20+00:00,8f922d0fe433
laptops,"Laptop suggestions for son, please",https://www.reddit.com/r/laptops/comments/1qphtqh/laptop_suggestions_for_son_please/,2026-01-28T17:28:24+00:00,23a9a43897de
laptops,Considering buying a ProArt P16 5080 instead of MBP M5 Max..,https://www.reddit.com/r/laptops/comments/1qphqio/considering_buying_a_proart_p16_5080_instead_of/,2026-01-28T17:25:27+00:00,c1a3dbf5ae7b
laptops,Cheapest (under $100) laptop that can do light web browsing and typing,https://www.reddit.com/r/laptops/comments/1qphp4v/cheapest_under_100_laptop_that_can_do_light_web/,2026-01-28T17:24:09+00:00,f3229423961a
laptops,Tomorrow I am going to buy a new laptop.,https://www.reddit.com/r/laptops/comments/1qphkoh/tomorrow_i_am_going_to_buy_a_new_laptop/,2026-01-28T17:19:53+00:00,84a900dd468e
laptops,"Hi I'm using old laptop and my disk is not formatting and if i deleted the files in disk after restart it will be there, i couldn't reset my laptop and if i install win 10 using flash drive it's not deleting disk and not formatting it, can anyone help me and i tried some cmd commands it's still nope",https://www.reddit.com/r/laptops/comments/1qph3vf/hi_im_using_old_laptop_and_my_disk_is_not/,2026-01-28T17:03:58+00:00,d7e9f7f3f6ef
buildapcforme,Home Office PC,https://www.reddit.com/r/buildapcforme/comments/1qpgtux/home_office_pc/,2026-01-28T16:54:21+00:00,858a58a71d4f
techsupport,"My IP was blocked by Imgur for a few years now, I can't view images on it without using a VPN, is there anything I can do to view them again?",https://www.reddit.com/r/techsupport/comments/1qphjit/my_ip_was_blocked_by_imgur_for_a_few_years_now_i/,2026-01-28T17:18:50+00:00,14f91fcc5b36
techsupport,Looking for help to connect two Monitors and two PCs with a KVM Switch,https://www.reddit.com/r/techsupport/comments/1qpfd61/looking_for_help_to_connect_two_monitors_and_two/,2026-01-28T16:02:47+00:00,2f9bfb1c158b
techsupport,PC FPS Drops fix?,https://www.reddit.com/r/techsupport/comments/1qpi0d5/pc_fps_drops_fix/,2026-01-28T17:34:41+00:00,8ffe60cf629a
techsupport,Cleaned my usb port and now my laptop won‚Äôt turn on,https://www.reddit.com/r/techsupport/comments/1qphz4m/cleaned_my_usb_port_and_now_my_laptop_wont_turn_on/,2026-01-28T17:33:27+00:00,4d7149a37310
techsupport,Boot loop,https://www.reddit.com/r/techsupport/comments/1qphwcl/boot_loop/,2026-01-28T17:30:47+00:00,941215fcc2b8
techsupport,Sims modding website turned browser malware?,https://www.reddit.com/r/techsupport/comments/1qphu2s/sims_modding_website_turned_browser_malware/,2026-01-28T17:28:40+00:00,837528da7bbb
techsupport,Screen Lag from MUX,https://www.reddit.com/r/techsupport/comments/1qphjvs/screen_lag_from_mux/,2026-01-28T17:19:11+00:00,dd89d1f7ab15
techsupport,Performance issues (i think),https://www.reddit.com/r/techsupport/comments/1qph8bt/performance_issues_i_think/,2026-01-28T17:08:09+00:00,a3f3b5d8c3bc
techsupport,USB ports not drawing enough power,https://www.reddit.com/r/techsupport/comments/1qph1fu/usb_ports_not_drawing_enough_power/,2026-01-28T17:01:40+00:00,b712e85e04b0
SuggestALaptop,Laptop Recommendation between $1200-2000 CAD,https://www.reddit.com/r/SuggestALaptop/comments/1qpj5tm/laptop_recommendation_between_12002000_cad/,2026-01-28T18:13:09+00:00,45d86caa1eda
SuggestALaptop,$800 USA - Partner choose a laptop,https://www.reddit.com/r/SuggestALaptop/comments/1qpieqs/800_usa_partner_choose_a_laptop/,2026-01-28T17:48:17+00:00,afa49069fa96
laptops,Is there something stuck in my headphone jack?,https://www.reddit.com/r/laptops/comments/1qpjg6l/is_there_something_stuck_in_my_headphone_jack/,2026-01-28T18:23:12+00:00,91a317f1d988
laptops,Are the temps running very high? 2019 model with 1050TI.Acer predator P300 helios,https://www.reddit.com/r/laptops/comments/1qpj94r/are_the_temps_running_very_high_2019_model_with/,2026-01-28T18:16:20+00:00,143205a1e5ec
laptops,macbook recommendation linux and mac os dual booting testing.,https://www.reddit.com/r/laptops/comments/1qpj1sr/macbook_recommendation_linux_and_mac_os_dual/,2026-01-28T18:09:19+00:00,ee1fc6d4f22f
laptops,"Elitebook, Vivobook, or Inspiron",https://www.reddit.com/r/laptops/comments/1qpj0xa/elitebook_vivobook_or_inspiron/,2026-01-28T18:08:28+00:00,7bf13f0e6708
laptops,Problemas de pantalla,https://www.reddit.com/r/laptops/comments/1qpivdi/problemas_de_pantalla/,2026-01-28T18:03:09+00:00,9201262a32f2
laptops,Lenovo Problem,https://www.reddit.com/r/laptops/comments/1qpiun2/lenovo_problem/,2026-01-28T18:02:26+00:00,b7faf7c96d58
laptops,Need Buying Advice for my requirements. Thank you,https://www.reddit.com/r/laptops/comments/1qpiqu2/need_buying_advice_for_my_requirements_thank_you/,2026-01-28T17:59:06+00:00,ff815dca3b5b
laptops,Set display scaling to 500% but this case is different,https://www.reddit.com/r/laptops/comments/1qpims7/set_display_scaling_to_500_but_this_case_is/,2026-01-28T17:55:45+00:00,42b3aaeb2c86
laptops,Help me why my windows and every operating systems are not working,https://www.reddit.com/r/laptops/comments/1qpibpz/help_me_why_my_windows_and_every_operating/,2026-01-28T17:45:20+00:00,d502428afdff
laptops,Dell e6230 new battery not working,https://www.reddit.com/r/laptops/comments/1qpi901/dell_e6230_new_battery_not_working/,2026-01-28T17:42:48+00:00,df6192c82404
buildapcforme,First Time Build,https://www.reddit.com/r/buildapcforme/comments/1qpjt7q/first_time_build/,2026-01-28T18:35:45+00:00,91be21cbc13c
buildapcforme,Living Room PC game build,https://www.reddit.com/r/buildapcforme/comments/1qpitw5/living_room_pc_game_build/,2026-01-28T18:01:42+00:00,caf5d8ebc361
techsupport,"War thunder causes ""kernel-Power"" critical error",https://www.reddit.com/r/techsupport/comments/1qpi665/war_thunder_causes_kernelpower_critical_error/,2026-01-28T17:40:19+00:00,b0a8763c0d9f
techsupport,Laptop won't turn on,https://www.reddit.com/r/techsupport/comments/1qpjii9/laptop_wont_turn_on/,2026-01-28T18:25:22+00:00,af95529d47fc
techsupport,Loss of multimedia files to SD card,https://www.reddit.com/r/techsupport/comments/1qpjc9p/loss_of_multimedia_files_to_sd_card/,2026-01-28T18:19:23+00:00,5b28c31550b0
techsupport,"my pc keeps crashing at random intervals when gaming, but is fine when browsing the web",https://www.reddit.com/r/techsupport/comments/1qpj3y5/my_pc_keeps_crashing_at_random_intervals_when/,2026-01-28T18:11:23+00:00,9a87e68318df
techsupport,I can see everything several times.,https://www.reddit.com/r/techsupport/comments/1qpiuvr/i_can_see_everything_several_times/,2026-01-28T18:02:41+00:00,510e34065382
techsupport,Bluetooth keeps disconnecting on windows 11,https://www.reddit.com/r/techsupport/comments/1qpiqwf/bluetooth_keeps_disconnecting_on_windows_11/,2026-01-28T17:59:09+00:00,85526c0bab68
techsupport,LCUS 4-channel relay (CH340),https://www.reddit.com/r/techsupport/comments/1qpipga/lcus_4channel_relay_ch340/,2026-01-28T17:57:50+00:00,e9ea839376ac
techsupport,Laptop display not connected to GPU,https://www.reddit.com/r/techsupport/comments/1qpidwg/laptop_display_not_connected_to_gpu/,2026-01-28T17:47:29+00:00,e2639c86510b
techsupport,Am I doing something wrong? Viture's Spacewalker APP is so laggy and unresponsive that it's basically a powerpoint.,https://www.reddit.com/r/techsupport/comments/1qpic11/am_i_doing_something_wrong_vitures_spacewalker/,2026-01-28T17:45:37+00:00,3afc3483c2aa
techsupport,Need help with modding HOI4 - problem with descriptor file,https://www.reddit.com/r/techsupport/comments/1qpi82a/need_help_with_modding_hoi4_problem_with/,2026-01-28T17:41:59+00:00,69f3dc75fd34
techsupport,"Random black screen for a few seconds, then recovers (Windows 11, RX 590)",https://www.reddit.com/r/techsupport/comments/1qpi35k/random_black_screen_for_a_few_seconds_then/,2026-01-28T17:37:26+00:00,43acdb804f75
laptops,Need help choosing budget laptop,https://www.reddit.com/r/laptops/comments/1qpkwb3/need_help_choosing_budget_laptop/,2026-01-28T19:13:12+00:00,ed08e82c2acf
laptops,"Need help choosing which one to buy, Lenovo or HP both have the same price tag",https://www.reddit.com/r/laptops/comments/1qpkv1m/need_help_choosing_which_one_to_buy_lenovo_or_hp/,2026-01-28T19:12:01+00:00,52015f22dd06
laptops,Cheap Chinese Laptops - Are They Worth It? Review of 3,https://www.reddit.com/r/laptops/comments/1qplen4/cheap_chinese_laptops_are_they_worth_it_review_of/,2026-01-28T19:31:15+00:00,0044ef826343
laptops,Dell Precision 5570; good value?,https://www.reddit.com/r/laptops/comments/1qpkrlo/dell_precision_5570_good_value/,2026-01-28T19:08:38+00:00,43ad2b3e28f2
laptops,Is there a way to fix this?,https://www.reddit.com/r/laptops/comments/1qpkiqs/is_there_a_way_to_fix_this/,2026-01-28T19:00:11+00:00,06287b5cdb07
laptops,Camera is blurry on Privacy screen Dell,https://www.reddit.com/r/laptops/comments/1qpkb51/camera_is_blurry_on_privacy_screen_dell/,2026-01-28T18:52:58+00:00,d03fcc0a3c37
laptops,My laptop screen is flickering.. Any suggestions??,https://www.reddit.com/r/laptops/comments/1qpk8n5/my_laptop_screen_is_flickering_any_suggestions/,2026-01-28T18:50:32+00:00,e861b160b9ab
laptops,Suggestions for Laptop i7,https://www.reddit.com/r/laptops/comments/1qpk7fl/suggestions_for_laptop_i7/,2026-01-28T18:49:24+00:00,7c81153a62d4
laptops,Uh so I tried to upgrade my ram.,https://www.reddit.com/r/laptops/comments/1qpk6p5/uh_so_i_tried_to_upgrade_my_ram/,2026-01-28T18:48:41+00:00,30c5b57bdfcb
buildapcforme,Looking to Upgrade from my Laptop,https://www.reddit.com/r/buildapcforme/comments/1qpkbfv/looking_to_upgrade_from_my_laptop/,2026-01-28T18:53:14+00:00,7b00c881feea
techsupport,mp3 player screen no longer working :(,https://www.reddit.com/r/techsupport/comments/1qpld7r/mp3_player_screen_no_longer_working/,2026-01-28T19:29:56+00:00,0e1d88ee4790
techsupport,Payed for 250 mbps however it has fallen down to 50 in the last few days,https://www.reddit.com/r/techsupport/comments/1qplbz4/payed_for_250_mbps_however_it_has_fallen_down_to/,2026-01-28T19:28:40+00:00,13f5f1b34813
techsupport,Can i get hacked if som1 knew my mac adress?,https://www.reddit.com/r/techsupport/comments/1qpl13d/can_i_get_hacked_if_som1_knew_my_mac_adress/,2026-01-28T19:17:50+00:00,b38b52788ff0
techsupport,"Computer freezes and crashes, once I restart it my first monitor is grainy and low refresh rate, and my second monitor doesn‚Äôt work altogether.",https://www.reddit.com/r/techsupport/comments/1qpkzfg/computer_freezes_and_crashes_once_i_restart_it_my/,2026-01-28T19:16:10+00:00,ca40e74d3f85
techsupport,Google chrome app keep opening itself on a website,https://www.reddit.com/r/techsupport/comments/1qpktlo/google_chrome_app_keep_opening_itself_on_a_website/,2026-01-28T19:10:35+00:00,4195728c3970
techsupport,Unknown device on my google account,https://www.reddit.com/r/techsupport/comments/1qpkq8x/unknown_device_on_my_google_account/,2026-01-28T19:07:16+00:00,cbb51ef8a4c4
techsupport,Monitor Flickering,https://www.reddit.com/r/techsupport/comments/1qpkppo/monitor_flickering/,2026-01-28T19:06:45+00:00,a9f58e81d5f1
techsupport,No output?,https://www.reddit.com/r/techsupport/comments/1qpkjvk/no_output/,2026-01-28T19:01:08+00:00,ec44f3ce6f4e
techsupport,Microsoft365 - can I restrict who can email a group?,https://www.reddit.com/r/techsupport/comments/1qpkj1p/microsoft365_can_i_restrict_who_can_email_a_group/,2026-01-28T19:00:26+00:00,b89b64337b52
techsupport,Does anyone know what's wrong with my PC?,https://www.reddit.com/r/techsupport/comments/1qpkgdv/does_anyone_know_whats_wrong_with_my_pc/,2026-01-28T18:57:58+00:00,b95a84d1b67d
techsupport,Deleting old messages on Facebook messenger?,https://www.reddit.com/r/techsupport/comments/1qpkg54/deleting_old_messages_on_facebook_messenger/,2026-01-28T18:57:42+00:00,b4f16b32bd71
techsupport,Unknown Cause Of freezing.,https://www.reddit.com/r/techsupport/comments/1qpk7g4/unknown_cause_of_freezing/,2026-01-28T18:49:25+00:00,0c434baf24bf
SuggestALaptop,Need A Used Or Refurbished PC For Cheap That Has Copilot AI+ And Is Most Compatible With Linux Distros,https://www.reddit.com/r/SuggestALaptop/comments/1qpmp47/need_a_used_or_refurbished_pc_for_cheap_that_has/,2026-01-28T20:17:47+00:00,ddefdd094801
SuggestALaptop,Which of these used mac should i buy?,https://www.reddit.com/r/SuggestALaptop/comments/1qplthn/which_of_these_used_mac_should_i_buy/,2026-01-28T19:46:07+00:00,a3ba082d4667
laptops,rate my laptop,https://www.reddit.com/r/laptops/comments/1qpmjlk/rate_my_laptop/,2026-01-28T20:12:09+00:00,7822afd04da6
laptops,ThinkPad x1 Carbon Gen 13 screen help,https://www.reddit.com/r/laptops/comments/1qplt6g/thinkpad_x1_carbon_gen_13_screen_help/,2026-01-28T19:45:47+00:00,5782df423f9f
laptops,Today I've had the possibility to try a non Thinkpad Trackpoint side by side with a Thinkpad,https://www.reddit.com/r/laptops/comments/1qpmhnp/today_ive_had_the_possibility_to_try_a_non/,2026-01-28T20:10:08+00:00,877e662a2a01
laptops,Scelta laptop,https://www.reddit.com/r/laptops/comments/1qpmgxl/scelta_laptop/,2026-01-28T20:09:25+00:00,9fd878a51860
laptops,Laptop stops charging at seemingly random times.,https://www.reddit.com/r/laptops/comments/1qpm4ay/laptop_stops_charging_at_seemingly_random_times/,2026-01-28T19:56:56+00:00,6c4dde6613c8
laptops,Help deciding between HP x360 Envy or a Lenovo Yoga Slim 7?,https://www.reddit.com/r/laptops/comments/1qpm1j0/help_deciding_between_hp_x360_envy_or_a_lenovo/,2026-01-28T19:54:11+00:00,f05ca6433bcc
laptops,Which used mac should i buy?,https://www.reddit.com/r/laptops/comments/1qplu9y/which_used_mac_should_i_buy/,2026-01-28T19:46:52+00:00,abf7ec5e6ea3
laptops,"Looking for a good Windows laptop thats FAST, and has a great screen resolution so I don‚Äôt strain my eyes",https://www.reddit.com/r/laptops/comments/1qplrpf/looking_for_a_good_windows_laptop_thats_fast_and/,2026-01-28T19:44:17+00:00,33e38f9234fd
techsupport,"Malicious page opening when launching Google named ""markedoneofthe""",https://www.reddit.com/r/techsupport/comments/1qpn8fj/malicious_page_opening_when_launching_google/,2026-01-28T20:37:40+00:00,c7ea3eb31c30
techsupport,how to delete ghost apps from open with list,https://www.reddit.com/r/techsupport/comments/1qpn4t3/how_to_delete_ghost_apps_from_open_with_list/,2026-01-28T20:33:54+00:00,b9bbacfd6fab
techsupport,I‚Äôm being actively targeted by a hacker ‚Äî need advice,https://www.reddit.com/r/techsupport/comments/1qpmzyz/im_being_actively_targeted_by_a_hacker_need_advice/,2026-01-28T20:28:54+00:00,c29398d3525b
techsupport,Looking for free lightScribe software,https://www.reddit.com/r/techsupport/comments/1qpmuqw/looking_for_free_lightscribe_software/,2026-01-28T20:23:31+00:00,2ab1797638d8
techsupport,pc shutting off,https://www.reddit.com/r/techsupport/comments/1qpmtaj/pc_shutting_off/,2026-01-28T20:22:01+00:00,f2f4104393b2
techsupport,No EFI partition on my main drive after reinstalling Windows 11?,https://www.reddit.com/r/techsupport/comments/1qpms7w/no_efi_partition_on_my_main_drive_after/,2026-01-28T20:20:55+00:00,8ec3caf3b05b
techsupport,Zoho call stuck on ‚ÄúConnecting‚Äù but never actually dials anyone seen this?,https://www.reddit.com/r/techsupport/comments/1qpmmr4/zoho_call_stuck_on_connecting_but_never_actually/,2026-01-28T20:15:19+00:00,b667dd9cd2cd
techsupport,Infinite Windows 11 update,https://www.reddit.com/r/techsupport/comments/1qpmlt6/infinite_windows_11_update/,2026-01-28T20:14:22+00:00,c9a251b141ef
techsupport,Why is my phone batter draining instantly?,https://www.reddit.com/r/techsupport/comments/1qpmlf4/why_is_my_phone_batter_draining_instantly/,2026-01-28T20:14:03+00:00,351abb90f9bf
techsupport,Can't change after how long my computer goes to sleep,https://www.reddit.com/r/techsupport/comments/1qpmigg/cant_change_after_how_long_my_computer_goes_to/,2026-01-28T20:10:55+00:00,3d28c33a5a35
techsupport,Wanting to stream gameplay to my friends on Discord while playing on PS5,https://www.reddit.com/r/techsupport/comments/1qpfty0/wanting_to_stream_gameplay_to_my_friends_on/,2026-01-28T16:19:18+00:00,8f19b180bc2a
techsupport,Computer opening file explorer or going to lock screen,https://www.reddit.com/r/techsupport/comments/1qpmbm1/computer_opening_file_explorer_or_going_to_lock/,2026-01-28T20:04:03+00:00,4a563fc34e1c
techsupport,Issues with monitor turning off when idle,https://www.reddit.com/r/techsupport/comments/1qpmahl/issues_with_monitor_turning_off_when_idle/,2026-01-28T20:02:52+00:00,585add1a189d
SuggestALaptop,"Laptop suggestions, after 14 years, $1000 max budget, NA/US",https://www.reddit.com/r/SuggestALaptop/comments/1qpnvlz/laptop_suggestions_after_14_years_1000_max_budget/,2026-01-28T21:01:37+00:00,5983cb2030d6
LaptopDeals,"[eBay] Refurb: Apple MacBook Pro: 14"" (3024 x 1964) LED Liquid Retina XDR display , M3 Pro, 18 GB RAM, 512GB SSD with 47% off, for $1,050.29 #ad",https://www.reddit.com/r/LaptopDeals/comments/1qpop0p/ebay_refurb_apple_macbook_pro_14_3024_x_1964_led/,2026-01-28T21:31:58+00:00,cc801e68d80d
laptops,"Good for school, light games like roblox minecraft and in general?",https://www.reddit.com/r/laptops/comments/1qpoool/good_for_school_light_games_like_roblox_minecraft/,2026-01-28T21:31:38+00:00,368fae992eb6
laptops,I opened a game then my screen went black and I restarted a bunch of times and it only worked on hdmi then randomly it worked and looks like this now,https://www.reddit.com/r/laptops/comments/1qpocrs/i_opened_a_game_then_my_screen_went_black_and_i/,2026-01-28T21:19:12+00:00,0ab958934ec0
laptops,Looking for a trustworthy parts webshop,https://www.reddit.com/r/laptops/comments/1qpocgw/looking_for_a_trustworthy_parts_webshop/,2026-01-28T21:18:53+00:00,1e66f1f79523
laptops,Is my laptop cooked?,https://www.reddit.com/r/laptops/comments/1qpo0kt/is_my_laptop_cooked/,2026-01-28T21:06:34+00:00,be6a06451231
laptops,Show I go back to Windows laptop over a decade using a Mac?,https://www.reddit.com/r/laptops/comments/1qpnx39/show_i_go_back_to_windows_laptop_over_a_decade/,2026-01-28T21:03:06+00:00,2539d856ad4e
laptops,My laptop crashed while i was playing deltarune trying to best Gerson,https://www.reddit.com/r/laptops/comments/1qpnmpe/my_laptop_crashed_while_i_was_playing_deltarune/,2026-01-28T20:52:42+00:00,c838856d08db
laptops,MSI A15 Thin,https://www.reddit.com/r/laptops/comments/1qpnlmf/msi_a15_thin/,2026-01-28T20:51:33+00:00,19efc6d0dfc6
buildapcforme,Build a pc for me for 1k CAN,https://www.reddit.com/r/buildapcforme/comments/1qpnni6/build_a_pc_for_me_for_1k_can/,2026-01-28T20:53:31+00:00,26c54a9d0ad9
techsupport,Does anyone know where to get ‚Äúmagnetic‚Äù usb cables?,https://www.reddit.com/r/techsupport/comments/1qpn9wx/does_anyone_know_where_to_get_magnetic_usb_cables/,2026-01-28T20:39:12+00:00,7fba80f63885
techsupport,"Letter ""A"" key not working",https://www.reddit.com/r/techsupport/comments/1qpopet/letter_a_key_not_working/,2026-01-28T21:32:24+00:00,2170ee85242c
techsupport,My dvd players cd lid wont close!,https://www.reddit.com/r/techsupport/comments/1qpon1s/my_dvd_players_cd_lid_wont_close/,2026-01-28T21:29:58+00:00,c165331ff737
techsupport,Pc is lagging like crazy when playing games,https://www.reddit.com/r/techsupport/comments/1qpomwk/pc_is_lagging_like_crazy_when_playing_games/,2026-01-28T21:29:50+00:00,794d9a51e715
techsupport,Corrupt file messing with Riot Vanguard and causing crashes,https://www.reddit.com/r/techsupport/comments/1qpoktq/corrupt_file_messing_with_riot_vanguard_and/,2026-01-28T21:27:39+00:00,a8aa48aa2ce0
techsupport,Accessing my camera?,https://www.reddit.com/r/techsupport/comments/1qpo4fj/accessing_my_camera/,2026-01-28T21:10:38+00:00,854a5939741e
techsupport,"Weird graphic artifacts while watching streaming services (not Youtube but Prime, HBO, Netflix etc.).",https://www.reddit.com/r/techsupport/comments/1qpo2hu/weird_graphic_artifacts_while_watching_streaming/,2026-01-28T21:08:36+00:00,1dce7858c886
techsupport,WiFi Extender not providing internet through LAN,https://www.reddit.com/r/techsupport/comments/1qpnpf9/wifi_extender_not_providing_internet_through_lan/,2026-01-28T20:55:22+00:00,742778b58e92
techsupport,Laptop RAM upgrade,https://www.reddit.com/r/techsupport/comments/1qpnnoh/laptop_ram_upgrade/,2026-01-28T20:53:42+00:00,35a361020a55
techsupport,Como desactivar el contenido de una url generado por un asset de CRM que reside en CDN de microsoft,https://www.reddit.com/r/techsupport/comments/1qpnmra/como_desactivar_el_contenido_de_una_url_generado/,2026-01-28T20:52:45+00:00,9e36cb98d6e7
techsupport,Capped at 144 FPS in all games!,https://www.reddit.com/r/techsupport/comments/1qpnlf3/capped_at_144_fps_in_all_games/,2026-01-28T20:51:19+00:00,e93a0a2e3891
techsupport,M.2 SSD not disappeared after updating my bios (not the disk manager),https://www.reddit.com/r/techsupport/comments/1qpn9kd/m2_ssd_not_disappeared_after_updating_my_bios_not/,2026-01-28T20:38:49+00:00,13b5ef1bafa8
techsupport,How do I properly secure my GPU for shipping a prebuilt PC? (Using Foam),https://www.reddit.com/r/techsupport/comments/1qpn8yr/how_do_i_properly_secure_my_gpu_for_shipping_a/,2026-01-28T20:38:13+00:00,4ea9ea6cafb4
laptops,Started having problems with my laptop ( freezing every 5-10 minutes for one second video and audio) and then unfreezing a bit sped up cutting up audio.,https://www.reddit.com/r/laptops/comments/1qpq0xq/started_having_problems_with_my_laptop_freezing/,2026-01-28T22:22:02+00:00,33bd4291e178
laptops,Question about laptops,https://www.reddit.com/r/laptops/comments/1qpptzt/question_about_laptops/,2026-01-28T22:14:48+00:00,172424c630d1
laptops,I know basically nothing,https://www.reddit.com/r/laptops/comments/1qppjpb/i_know_basically_nothing/,2026-01-28T22:03:51+00:00,379e57634dd3
laptops,My MSI laptop is turning off alone,https://www.reddit.com/r/laptops/comments/1qppbfh/my_msi_laptop_is_turning_off_alone/,2026-01-28T21:55:32+00:00,55f7020eeedb
laptops,HP EliteBook w/ 5650u vs EliteBook w/ 7540u $250 v $350,https://www.reddit.com/r/laptops/comments/1qpp1gk/hp_elitebook_w_5650u_vs_elitebook_w_7540u_250_v/,2026-01-28T21:44:59+00:00,dd619cdc874b
buildapcforme,3K desktop gaming pc,https://www.reddit.com/r/buildapcforme/comments/1qppzi0/3k_desktop_gaming_pc/,2026-01-28T22:20:32+00:00,790d0870b595
techsupport,PC keeps blue screening when I try to turn on Memory Integrity.,https://www.reddit.com/r/techsupport/comments/1qpqa23/pc_keeps_blue_screening_when_i_try_to_turn_on/,2026-01-28T22:31:54+00:00,9b3c769830c5
techsupport,Recovering data from read-only SSD,https://www.reddit.com/r/techsupport/comments/1qpq7da/recovering_data_from_readonly_ssd/,2026-01-28T22:29:03+00:00,f46c38279405
techsupport,Smart Camera Set-Up,https://www.reddit.com/r/techsupport/comments/1qpq6zg/smart_camera_setup/,2026-01-28T22:28:37+00:00,54bc2c4b7ef3
techsupport,"Gamepad on 2nd screen, mouse on main screen",https://www.reddit.com/r/techsupport/comments/1qpq2e9/gamepad_on_2nd_screen_mouse_on_main_screen/,2026-01-28T22:23:39+00:00,7f0c72dbe9a2
techsupport,Wifi ( via ethernet) and usb ports keeps disconnecting,https://www.reddit.com/r/techsupport/comments/1qpq11w/wifi_via_ethernet_and_usb_ports_keeps/,2026-01-28T22:22:10+00:00,2ae606c77376
techsupport,Volume seems to be not working (windows 11),https://www.reddit.com/r/techsupport/comments/1qppwq1/volume_seems_to_be_not_working_windows_11/,2026-01-28T22:17:33+00:00,cf0a988ad1f4
techsupport,"Received two used 1tb HDDs, but I cannot get the partitions to merge even after deleting the partitions",https://www.reddit.com/r/techsupport/comments/1qpphw4/received_two_used_1tb_hdds_but_i_cannot_get_the/,2026-01-28T22:02:05+00:00,42c38aa2440f
SuggestALaptop,Suggest a $200-500 USD laptop for Writing + Web-browsing *ONLY*?,https://www.reddit.com/r/SuggestALaptop/comments/1qpr4nr/suggest_a_200500_usd_laptop_for_writing/,2026-01-28T23:05:00+00:00,09d6366c863d
SuggestALaptop,Best CPU work heavy laptop available currently,https://www.reddit.com/r/SuggestALaptop/comments/1qprgs9/best_cpu_work_heavy_laptop_available_currently/,2026-01-28T23:18:34+00:00,ff0e2c116fcd
laptops,Touchpad acting weird,https://www.reddit.com/r/laptops/comments/1qprlcx/touchpad_acting_weird/,2026-01-28T23:23:33+00:00,d31e99bf26b7
laptops,Acer Aspire 3 crack near Ethernet port,https://www.reddit.com/r/laptops/comments/1qpr6ns/acer_aspire_3_crack_near_ethernet_port/,2026-01-28T23:07:17+00:00,f873e715614c
laptops,Need help Round 2,https://www.reddit.com/r/laptops/comments/1qpr3t7/need_help_round_2/,2026-01-28T23:04:04+00:00,92b65ce67621
laptops,Smart charging?,https://www.reddit.com/r/laptops/comments/1qpqwz8/smart_charging/,2026-01-28T22:56:40+00:00,b23cd123bfcc
laptops,M5 MacBook Pro or Lenovo thinkpad,https://www.reddit.com/r/laptops/comments/1qpqvsy/m5_macbook_pro_or_lenovo_thinkpad/,2026-01-28T22:55:24+00:00,17fd45978933
laptops,Help‚Ä¶my Lenovo Yoga 7 laptop is slow and laggy and I‚Äôm not sure how to fix it,https://www.reddit.com/r/laptops/comments/1qpqema/helpmy_lenovo_yoga_7_laptop_is_slow_and_laggy_and/,2026-01-28T22:36:44+00:00,6f5219f6f8e2
techsupport,Keys on keyboard have been switched,https://www.reddit.com/r/techsupport/comments/1qprmgu/keys_on_keyboard_have_been_switched/,2026-01-28T23:24:47+00:00,89e375cd678f
techsupport,Nvidia driver wont download,https://www.reddit.com/r/techsupport/comments/1qprkel/nvidia_driver_wont_download/,2026-01-28T23:22:32+00:00,5adc3cc0d3ec
techsupport,I accidentally spilled 70% Isopropyl alcohol in my laptop how screwed am I.,https://www.reddit.com/r/techsupport/comments/1qprisc/i_accidentally_spilled_70_isopropyl_alcohol_in_my/,2026-01-28T23:20:47+00:00,bfb15236cede
techsupport,My PC crashes whenever I play anything more demanding than League of Legends,https://www.reddit.com/r/techsupport/comments/1qprf2t/my_pc_crashes_whenever_i_play_anything_more/,2026-01-28T23:16:36+00:00,9ff148edefc5
techsupport,Trying to set up a schedule task for .ps1 file,https://www.reddit.com/r/techsupport/comments/1qprc81/trying_to_set_up_a_schedule_task_for_ps1_file/,2026-01-28T23:13:27+00:00,86e94524f687
techsupport,Cleaned cpu and other fans now computer is warning the case is open when its not,https://www.reddit.com/r/techsupport/comments/1qpr7fw/cleaned_cpu_and_other_fans_now_computer_is/,2026-01-28T23:08:12+00:00,31d530aeba32
techsupport,Strange Crashing on Mid-Tier Windows 11 Desktop PC,https://www.reddit.com/r/techsupport/comments/1qpr367/strange_crashing_on_midtier_windows_11_desktop_pc/,2026-01-28T23:03:24+00:00,9a9cc3907d67
techsupport,Mid-2020 MacBook Pro stuck in infinite boot loop (won‚Äôt hold charge),https://www.reddit.com/r/techsupport/comments/1qpqyzn/mid2020_macbook_pro_stuck_in_infinite_boot_loop/,2026-01-28T22:58:57+00:00,8863e93eba2a
techsupport,Micro Stutters? New PC.,https://www.reddit.com/r/techsupport/comments/1qpqn6f/micro_stutters_new_pc/,2026-01-28T22:45:51+00:00,9aac21523a70
techsupport,"Can't start Clawdbot on Mac, need help",https://www.reddit.com/r/techsupport/comments/1qpqlcx/cant_start_clawdbot_on_mac_need_help/,2026-01-28T22:43:57+00:00,f7c99cc6c021
techsupport,computer not picking up Ethernet or wifi,https://www.reddit.com/r/techsupport/comments/1qpqjz5/computer_not_picking_up_ethernet_or_wifi/,2026-01-28T22:42:29+00:00,2cbaf227b074
techsupport,audio cuts out and desktop freezes when playing xbox remote play (windows 11),https://www.reddit.com/r/techsupport/comments/1qpqcxs/audio_cuts_out_and_desktop_freezes_when_playing/,2026-01-28T22:34:57+00:00,c0478f8c9f70
SuggestALaptop,Need a laptop (~$1000-1500) for work/school (grad student in stem field) and personal use,https://www.reddit.com/r/SuggestALaptop/comments/1qpvuip/need_a_laptop_10001500_for_workschool_grad/,2026-01-29T02:22:34+00:00,e3a93aabb41b
SuggestALaptop,Minor Gaming/Homework laptop under 1000?,https://www.reddit.com/r/SuggestALaptop/comments/1qptt66/minor_gaminghomework_laptop_under_1000/,2026-01-29T00:54:54+00:00,951c7ae51c91
SuggestALaptop,Laptop for College,https://www.reddit.com/r/SuggestALaptop/comments/1qpt23j/laptop_for_college/,2026-01-29T00:23:25+00:00,da1e58c4ef24
laptops,Has a solution,https://www.reddit.com/r/laptops/comments/1qpu6my/has_a_solution/,2026-01-29T01:10:33+00:00,7cf77c5e23f2
laptops,Laptop recommendation in 2026,https://www.reddit.com/r/laptops/comments/1qpvmaw/laptop_recommendation_in_2026/,2026-01-29T02:12:37+00:00,cbdd70f749a4
laptops,Which gaming laptop should I go with?,https://www.reddit.com/r/laptops/comments/1qpuz33/which_gaming_laptop_should_i_go_with/,2026-01-29T01:44:54+00:00,458776e4b3ff
laptops,I need help looking for a portable power bank charger with an AC outlet,https://www.reddit.com/r/laptops/comments/1qpuyiq/i_need_help_looking_for_a_portable_power_bank/,2026-01-29T01:44:14+00:00,aa326d5830f4
laptops,Do you have a solution?,https://www.reddit.com/r/laptops/comments/1qpu52u/do_you_have_a_solution/,2026-01-29T01:08:44+00:00,2029c48ea98e
laptops,Help identifying this laptop,https://www.reddit.com/r/laptops/comments/1qpu2v6/help_identifying_this_laptop/,2026-01-29T01:06:11+00:00,ce9c2a45cd22
laptops,Put Linux on School Laptop,https://www.reddit.com/r/laptops/comments/1qptxft/put_linux_on_school_laptop/,2026-01-29T00:59:57+00:00,15dbc5f70973
laptops,2012 Samsung Laptop,https://www.reddit.com/r/laptops/comments/1qptqda/2012_samsung_laptop/,2026-01-29T00:51:31+00:00,e7ff739c4207
laptops,Lenovo Yoga 7i vs HP Omnibook X Flip,https://www.reddit.com/r/laptops/comments/1qpte05/lenovo_yoga_7i_vs_hp_omnibook_x_flip/,2026-01-29T00:37:10+00:00,b48a12e52c8a
laptops,Is this good specs?,https://www.reddit.com/r/laptops/comments/1qpsxaw/is_this_good_specs/,2026-01-29T00:17:54+00:00,4b9f4bc549e3
laptops,400-700 Euro Ireland,https://www.reddit.com/r/laptops/comments/1qpsvn4/400700_euro_ireland/,2026-01-29T00:15:58+00:00,5e4de1ddc6ec
laptops,Lapto Specs Is it good?,https://www.reddit.com/r/laptops/comments/1qpspqi/lapto_specs_is_it_good/,2026-01-29T00:09:11+00:00,c7aa75d03159
laptops,Need help for laptop recommendations,https://www.reddit.com/r/laptops/comments/1qpsbq4/need_help_for_laptop_recommendations/,2026-01-28T23:53:22+00:00,0b69da16eac6
buildapcforme,Need some expert opinion on a budget build I put together,https://www.reddit.com/r/buildapcforme/comments/1qprund/need_some_expert_opinion_on_a_budget_build_i_put/,2026-01-28T23:33:54+00:00,55d8e568fdf5
buildapcforme,"Medium range pc, or whatever i can get in todays prices",https://www.reddit.com/r/buildapcforme/comments/1qpvv7o/medium_range_pc_or_whatever_i_can_get_in_todays/,2026-01-29T02:23:26+00:00,22facc41c5da
buildapcforme,What‚Äôs a good gaming PC for me? Budget 1500ish,https://www.reddit.com/r/buildapcforme/comments/1qpv68r/whats_a_good_gaming_pc_for_me_budget_1500ish/,2026-01-29T01:53:43+00:00,99fb0699404a
buildapcforme,"Hello, i am looking to build a pc with a budget of like 1000-2000 or more if the value is there. I have always wanted to get back into pc gaming again. This is a new build",https://www.reddit.com/r/buildapcforme/comments/1qpucft/hello_i_am_looking_to_build_a_pc_with_a_budget_of/,2026-01-29T01:17:41+00:00,d5e80aa484c5
techsupport,I can‚Äôt login to my account on my PlayStation 5,https://www.reddit.com/r/techsupport/comments/1qpw0ws/i_cant_login_to_my_account_on_my_playstation_5/,2026-01-29T02:30:23+00:00,dd58c64d62a1
techsupport,Macbook/Monitor Mishap,https://www.reddit.com/r/techsupport/comments/1qpvuvs/macbookmonitor_mishap/,2026-01-29T02:23:02+00:00,40bae9ac60c9
techsupport,Read only micro SDs,https://www.reddit.com/r/techsupport/comments/1qpvsmu/read_only_micro_sds/,2026-01-29T02:20:14+00:00,08cf100b5ee0
techsupport,"RDP not working after a shut down, but works with a restart?",https://www.reddit.com/r/techsupport/comments/1qpvo1e/rdp_not_working_after_a_shut_down_but_works_with/,2026-01-29T02:14:41+00:00,30673768701a
techsupport,"Holii :3 como van? Soy nueva en esto , necesito ayuda. Personas que sepan de tecnolog√≠a comentennnn ü•≤",https://www.reddit.com/r/techsupport/comments/1qpvlgf/holii_3_como_van_soy_nueva_en_esto_necesito_ayuda/,2026-01-29T02:11:38+00:00,e9eae8ebca3c
techsupport,My laptop is incredibly slow.,https://www.reddit.com/r/techsupport/comments/1qpvkun/my_laptop_is_incredibly_slow/,2026-01-29T02:10:54+00:00,98f04401c860
techsupport,Ping spike,https://www.reddit.com/r/techsupport/comments/1qpvkht/ping_spike/,2026-01-29T02:10:29+00:00,2aaddcdcc3bb
techsupport,(MSI GF63 Thin 10SC) Laptop display not turning on but boots normally after re-paste - need help,https://www.reddit.com/r/techsupport/comments/1qpvgrg/msi_gf63_thin_10sc_laptop_display_not_turning_on/,2026-01-29T02:06:02+00:00,8d46cbf9e087
techsupport,Canon Printers don't seem to be able to scan at all - no Scan options given,https://www.reddit.com/r/techsupport/comments/1qpvgqu/canon_printers_dont_seem_to_be_able_to_scan_at/,2026-01-29T02:06:01+00:00,4fdd224a966c
techsupport,Samsung m.2 SSD not recognized by Macbook,https://www.reddit.com/r/techsupport/comments/1qpvf3k/samsung_m2_ssd_not_recognized_by_macbook/,2026-01-29T02:04:04+00:00,0cb063fb9b75
techsupport,Computer freezing on restart (Windows 11),https://www.reddit.com/r/techsupport/comments/1qpvdzc/computer_freezing_on_restart_windows_11/,2026-01-29T02:02:43+00:00,1012c4b22641
techsupport,got sent one of MY memojis from a random number,https://www.reddit.com/r/techsupport/comments/1qpv85h/got_sent_one_of_my_memojis_from_a_random_number/,2026-01-29T01:56:00+00:00,b48438837438
techsupport,Windows 11 Update Assistance,https://www.reddit.com/r/techsupport/comments/1qpv6iu/windows_11_update_assistance/,2026-01-29T01:54:04+00:00,c9ab7b75a311
techsupport,I BOUGHT A CONTROL BUT IT DOESN'T WORK ON THE NOTEBOOK,https://www.reddit.com/r/techsupport/comments/1qpv3ky/i_bought_a_control_but_it_doesnt_work_on_the/,2026-01-29T01:50:25+00:00,347467952882
techsupport,PC started to power cycle out of the blue.,https://www.reddit.com/r/techsupport/comments/1qpurks/pc_started_to_power_cycle_out_of_the_blue/,2026-01-29T01:35:46+00:00,eb936f94ea98
techsupport,Help me access M2 drive by USB,https://www.reddit.com/r/techsupport/comments/1qpupjj/help_me_access_m2_drive_by_usb/,2026-01-29T01:33:24+00:00,a9ebd2aee57f
techsupport,How to make a make a new microsoft account after getting scammed?,https://www.reddit.com/r/techsupport/comments/1qpuntx/how_to_make_a_make_a_new_microsoft_account_after/,2026-01-29T01:31:18+00:00,da62972523e4
techsupport,Help adjusting aspect ratio when display mirroring PC to Insignia TV,https://www.reddit.com/r/techsupport/comments/1qpuewj/help_adjusting_aspect_ratio_when_display/,2026-01-29T01:20:35+00:00,6d66b25b1956
techsupport,"Laptop is slow, CPU is only going at 0.8 Ghz",https://www.reddit.com/r/techsupport/comments/1qpueix/laptop_is_slow_cpu_is_only_going_at_08_ghz/,2026-01-29T01:20:09+00:00,2628d2e06b1b
techsupport,cannot update android,https://www.reddit.com/r/techsupport/comments/1qpudab/cannot_update_android/,2026-01-29T01:18:43+00:00,244a715d0e4e
techsupport,How to connect handy cam to Action portable Tv,https://www.reddit.com/r/techsupport/comments/1qpucc0/how_to_connect_handy_cam_to_action_portable_tv/,2026-01-29T01:17:34+00:00,d3fd491fc9a4
laptops,Is it better than ThinkPad? I had a choice between a Vivobook and a ThinkPad.,https://www.reddit.com/r/laptops/comments/1qpwmw4/is_it_better_than_thinkpad_i_had_a_choice_between/,2026-01-29T02:56:50+00:00,d0fe2512a132
laptops,Need help with battery backup,https://www.reddit.com/r/laptops/comments/1qpy802/need_help_with_battery_backup/,2026-01-29T04:08:39+00:00,46e2b0aacdf2
laptops,G14 2025 Sound Issues,https://www.reddit.com/r/laptops/comments/1qpy67q/g14_2025_sound_issues/,2026-01-29T04:06:15+00:00,809b65d8ef40
laptops,Is this deal good?,https://www.reddit.com/r/laptops/comments/1qpy30s/is_this_deal_good/,2026-01-29T04:02:02+00:00,70dce24a9f67
laptops,Help needed! Can I safely factory reset my laptop after migrating Windows to new NVMe SSD?,https://www.reddit.com/r/laptops/comments/1qpxqre/help_needed_can_i_safely_factory_reset_my_laptop/,2026-01-29T03:46:29+00:00,fe28df27a260
laptops,Is it okay to use a portable car air compressor to blow into vents to get dust out,https://www.reddit.com/r/laptops/comments/1qpxntf/is_it_okay_to_use_a_portable_car_air_compressor/,2026-01-29T03:42:48+00:00,9e10993791f1
laptops,Lenovo LOQ Intel Core i5 12th Gen 12450HX,https://www.reddit.com/r/laptops/comments/1qpxm85/lenovo_loq_intel_core_i5_12th_gen_12450hx/,2026-01-29T03:40:51+00:00,d970cb45f4e7
laptops,is it okay?,https://www.reddit.com/r/laptops/comments/1qpxds2/is_it_okay/,2026-01-29T03:29:58+00:00,c4512f4355f3
laptops,[Buying Advice] No Warranty (Paraguay Import),https://www.reddit.com/r/laptops/comments/1qpx5i3/buying_advice_no_warranty_paraguay_import/,2026-01-29T03:19:26+00:00,db9bf2f19f90
laptops,How to fix ssd,https://www.reddit.com/r/laptops/comments/1qpwyt7/how_to_fix_ssd/,2026-01-29T03:11:09+00:00,4389f945377d
laptops,Recommendations for Windows Laptop - Business/Casual Use,https://www.reddit.com/r/laptops/comments/1qpwkkb/recommendations_for_windows_laptop_businesscasual/,2026-01-29T02:54:00+00:00,28c4d94f4118
laptops,Suggest a laptop,https://www.reddit.com/r/laptops/comments/1qpwjqp/suggest_a_laptop/,2026-01-29T02:52:55+00:00,2665ae02af88
laptops,Need advice on conclude one laptop,https://www.reddit.com/r/laptops/comments/1qpwcoe/need_advice_on_conclude_one_laptop/,2026-01-29T02:44:25+00:00,520429d248f3
buildapcforme,New pc build,https://www.reddit.com/r/buildapcforme/comments/1qpywm5/new_pc_build/,2026-01-29T04:41:22+00:00,f1cf83fa86c2
buildapcforme,New build,https://www.reddit.com/r/buildapcforme/comments/1qpxxog/new_build/,2026-01-29T03:55:12+00:00,d9411c9d28b4
techsupport,MacBook won‚Äôt charge,https://www.reddit.com/r/techsupport/comments/1qpwn22/macbook_wont_charge/,2026-01-29T02:57:03+00:00,038f1b556999
techsupport,issue with screen flicker,https://www.reddit.com/r/techsupport/comments/1qpyog9/issue_with_screen_flicker/,2026-01-29T04:30:19+00:00,ef77c091f61c
techsupport,FPS issues when playing ARC Raiders with others.,https://www.reddit.com/r/techsupport/comments/1qpyn5b/fps_issues_when_playing_arc_raiders_with_others/,2026-01-29T04:28:33+00:00,d7d7ee078f02
techsupport,BSOD Detailed messages registry edit,https://www.reddit.com/r/techsupport/comments/1qpykd0/bsod_detailed_messages_registry_edit/,2026-01-29T04:24:57+00:00,e0b0eecc36c4
techsupport,"No wifi option, Bluetooth or airplane mode",https://www.reddit.com/r/techsupport/comments/1qpyfd0/no_wifi_option_bluetooth_or_airplane_mode/,2026-01-29T04:18:25+00:00,e784bd06a2dd
techsupport,Windows update breaks my Nvidia GPU multiple times.,https://www.reddit.com/r/techsupport/comments/1qpybh7/windows_update_breaks_my_nvidia_gpu_multiple_times/,2026-01-29T04:13:17+00:00,a56f07855dc8
techsupport,DELL G15 OVERHEATING ISSSUE,https://www.reddit.com/r/techsupport/comments/1qpy6fm/dell_g15_overheating_isssue/,2026-01-29T04:06:34+00:00,0c5e86782560
techsupport,Keyboard inputs randomly stop,https://www.reddit.com/r/techsupport/comments/1qpxyet/keyboard_inputs_randomly_stop/,2026-01-29T03:56:03+00:00,f46bcf0e0b5e
techsupport,Laptop won‚Äôt get passed the open page,https://www.reddit.com/r/techsupport/comments/1qpxlrt/laptop_wont_get_passed_the_open_page/,2026-01-29T03:40:17+00:00,d60e9f2f3ef1
techsupport,A nvidia graphics card was no detected in your system.,https://www.reddit.com/r/techsupport/comments/1qpxlo2/a_nvidia_graphics_card_was_no_detected_in_your/,2026-01-29T03:40:09+00:00,405a7a2da335
techsupport,Application download failed,https://www.reddit.com/r/techsupport/comments/1qpxi3s/application_download_failed/,2026-01-29T03:35:27+00:00,d47f545df0c2
techsupport,What can work or school accounts access?,https://www.reddit.com/r/techsupport/comments/1qpx9po/what_can_work_or_school_accounts_access/,2026-01-29T03:24:49+00:00,700b6a80c9df
techsupport,iPhone screen time passcode,https://www.reddit.com/r/techsupport/comments/1qpx8ff/iphone_screen_time_passcode/,2026-01-29T03:23:09+00:00,2f47afcc51f1
techsupport,Accessing files on a USB drive attached to the USB port of Router,https://www.reddit.com/r/techsupport/comments/1qpx3dz/accessing_files_on_a_usb_drive_attached_to_the/,2026-01-29T03:16:43+00:00,032a89d61350
techsupport,"A few keys and the touchpad just stopped working (ctrl+fn and a few others) on my Mother's IdeaPad S340-14IIL. Plugged in an external keyboard by usb-c to usb-c and I connected via Bluetooth also. Neither way worked, same keys not working.",https://www.reddit.com/r/techsupport/comments/1qpw6h5/a_few_keys_and_the_touchpad_just_stopped_working/,2026-01-29T02:36:56+00:00,715da181d35b
techsupport,Tried installing windows in multiple ways after new ssd arrived,https://www.reddit.com/r/techsupport/comments/1qpvqxk/tried_installing_windows_in_multiple_ways_after/,2026-01-29T02:18:15+00:00,4552834a1a54
SuggestALaptop,What Windows Laptop to get?,https://www.reddit.com/r/SuggestALaptop/comments/1qpzl70/what_windows_laptop_to_get/,2026-01-29T05:14:31+00:00,eae15ad4b1db
laptops,Intel Core 5 210H + 16GB RAM enough for work?,https://www.reddit.com/r/laptops/comments/1qpzv6i/intel_core_5_210h_16gb_ram_enough_for_work/,2026-01-29T05:28:34+00:00,d904be4c0d11
laptops,Need help with buying a laptop for my mother.,https://www.reddit.com/r/laptops/comments/1qq001u/need_help_with_buying_a_laptop_for_my_mother/,2026-01-29T05:35:27+00:00,0dded10a24ac
laptops,Lenovo Yoga 7 2 in 1 no WIFI,https://www.reddit.com/r/laptops/comments/1qpz5ca/lenovo_yoga_7_2_in_1_no_wifi/,2026-01-29T04:53:04+00:00,ba7fc58cb418
laptops,Gaming laptop,https://www.reddit.com/r/laptops/comments/1qpz1pj/gaming_laptop/,2026-01-29T04:48:07+00:00,406dafc40e99
techsupport,From Linux Mint to Windows,https://www.reddit.com/r/techsupport/comments/1qpz8pz/from_linux_mint_to_windows/,2026-01-29T04:57:37+00:00,8c58616e8fdd
techsupport,Windows 11: I waited 30 days for my 2fa from Microsoft to be reset. With my Bitlocker key my laptop still will not boot,https://www.reddit.com/r/techsupport/comments/1qpzkev/windows_11_i_waited_30_days_for_my_2fa_from/,2026-01-29T05:13:24+00:00,0031525e1e2e
techsupport,Google Search Robot Capcha,https://www.reddit.com/r/techsupport/comments/1qpzec8/google_search_robot_capcha/,2026-01-29T05:05:00+00:00,3570188c6cba
techsupport,iPhone 13 Shut-Off Doesn't Work,https://www.reddit.com/r/techsupport/comments/1qpzbwx/iphone_13_shutoff_doesnt_work/,2026-01-29T05:01:43+00:00,92d0e3b70282
techsupport,Updating video game cause my Wi-Fi to die?,https://www.reddit.com/r/techsupport/comments/1qq047r/updating_video_game_cause_my_wifi_to_die/,2026-01-29T05:41:35+00:00,47a5900d37eb
techsupport,PC randomly started constantly freezing and having graphical issues,https://www.reddit.com/r/techsupport/comments/1qq02bq/pc_randomly_started_constantly_freezing_and/,2026-01-29T05:38:49+00:00,4cc2c513a75c
techsupport,Pc wont boot past motherboard bran logos.,https://www.reddit.com/r/techsupport/comments/1qq0281/pc_wont_boot_past_motherboard_bran_logos/,2026-01-29T05:38:41+00:00,7a8669ccad4d
techsupport,"Ethernet working slow on PC, wifi is working normally on phone, etc.",https://www.reddit.com/r/techsupport/comments/1qq00j2/ethernet_working_slow_on_pc_wifi_is_working/,2026-01-29T05:36:07+00:00,2a1859fc1c61
techsupport,25H2 Odd Issue,https://www.reddit.com/r/techsupport/comments/1qpzgdk/25h2_odd_issue/,2026-01-29T05:07:48+00:00,11188e121e71
techsupport,Plz help... you tube and Google accounts have been hijacked by my 10yo,https://www.reddit.com/r/techsupport/comments/1qpy8qo/plz_help_you_tube_and_google_accounts_have_been/,2026-01-29T04:09:39+00:00,58a20443e37d
laptops,Laptop trackpad cracked,https://www.reddit.com/r/laptops/comments/1qq0esi/laptop_trackpad_cracked/,2026-01-29T05:57:01+00:00,beed5b33b6df
laptops,"This meant to be here? Covering vents, can‚Äôt figure out what‚Äôs causing overheating/loud fan problem",https://www.reddit.com/r/laptops/comments/1qq0c6i/this_meant_to_be_here_covering_vents_cant_figure/,2026-01-29T05:53:10+00:00,e552ecd94f0b
laptops,Just got an old laptop any good suggestions on what to do?,https://www.reddit.com/r/laptops/comments/1qq1h4l/just_got_an_old_laptop_any_good_suggestions_on/,2026-01-29T06:54:21+00:00,a832e9eb7a49
laptops,Lenovo Legion 5 vs Pro 5; Help if u can! :D,https://www.reddit.com/r/laptops/comments/1qq1bd4/lenovo_legion_5_vs_pro_5_help_if_u_can_d/,2026-01-29T06:45:15+00:00,5c3418514474
laptops,Which one is best,https://www.reddit.com/r/laptops/comments/1qq18i0/which_one_is_best/,2026-01-29T06:40:52+00:00,639f6a1003c6
laptops,What's this?,https://www.reddit.com/r/laptops/comments/1qq18a1/whats_this/,2026-01-29T06:40:32+00:00,bf984a15da53
laptops,How to open this kind of battery connector? Is it ok to do this as a first timer?,https://www.reddit.com/r/laptops/comments/1qq11pn/how_to_open_this_kind_of_battery_connector_is_it/,2026-01-29T06:30:36+00:00,2cf64bdff9bb
laptops,Help with RAM,https://www.reddit.com/r/laptops/comments/1qq0v2x/help_with_ram/,2026-01-29T06:20:30+00:00,3f3b93cf5a20
laptops,Is it time for an upgrade?,https://www.reddit.com/r/laptops/comments/1qq0l52/is_it_time_for_an_upgrade/,2026-01-29T06:05:54+00:00,87168de054cc
buildapcforme,White PC,https://www.reddit.com/r/buildapcforme/comments/1qq0frm/white_pc/,2026-01-29T05:58:28+00:00,08400317be28
techsupport,Is my HDD data lost ?,https://www.reddit.com/r/techsupport/comments/1qq1bdn/is_my_hdd_data_lost/,2026-01-29T06:45:16+00:00,e016b807f9aa
techsupport,"Im having issues accessing the internet, despite it being connected, and small icons for the shortcuts",https://www.reddit.com/r/techsupport/comments/1qq0tkn/im_having_issues_accessing_the_internet_despite/,2026-01-29T06:18:18+00:00,0196895a4813
techsupport,us phone not working properly in canada,https://www.reddit.com/r/techsupport/comments/1qq0sxd/us_phone_not_working_properly_in_canada/,2026-01-29T06:17:17+00:00,00f7f485e764
techsupport,Laptop fix,https://www.reddit.com/r/techsupport/comments/1qq0lwi/laptop_fix/,2026-01-29T06:06:59+00:00,d925c5c4825c
techsupport,Sony WF-C500 earbuds not working,https://www.reddit.com/r/techsupport/comments/1qq0dzc/sony_wfc500_earbuds_not_working/,2026-01-29T05:55:50+00:00,b5051ae245c7
techsupport,New laptop battery issue,https://www.reddit.com/r/techsupport/comments/1qq0ar8/new_laptop_battery_issue/,2026-01-29T05:51:02+00:00,5b9b085fda98
